supplier_id;plant_id;supplier_name;risk_level;risk_score;forecast;key_drivers;recommended_actions;confidence;generated_at
S001;PL001;VitaRaw;High;68;Over the next 1?3 months the supplier?plant combination is likely to maintain a high overall risk profile. Yield will stay around 97?% with small month?to?month fluctuations, but occasional out?of?spec (OOS) events and deviations will continue to appear. Production volumes will remain close to plan (?95?97?% of planned), yet the on?time delivery metric (84?%) and the 38?day lead time are insufficient to absorb further disruptions, so any additional delay or quality issue could quickly translate into a supply shortfall.;"[""High supplier risk rating and sub\u2011optimal on\u2011time delivery (84\u202f%)"", ""Persistently elevated OOS counts (average 22 per month, spikes up to 34)"", ""Increasing frequency of deviation events (trend from 0 to 6 per month)"", ""Yield hovering just below 97\u202f% with occasional dips"", ""Lead time of 38\u202fdays leaving little buffer for unexpected delays""]";"[""Implement a short\u2011term dual\u2011sourcing strategy for critical APIs to mitigate single\u2011source risk."", ""Increase incoming material inspection intensity and real\u2011time quality monitoring for VitaRaw shipments."", ""Collaborate with VitaRaw to reduce lead time and improve on\u2011time delivery; consider contractual penalties/incentives."", ""Establish a deviation and OOS trend\u2011analysis dashboard to trigger early corrective actions when counts exceed 3 per month."", ""Maintain a safety stock buffer equivalent to at least two weeks of production to cover potential shortfalls."", ""Conduct a root\u2011cause investigation on the July deviation surge (6 deviations) and the recurring OOS spikes."", ""Review and tighten batch release criteria; consider additional in\u2011process controls for batches with yield < 96.8\u202f%.""]";Medium;2026-09-11 08:37:58.422291
S009;PL002;Ardent BioSupply;High;68;Over the next 1?3 months the supplier?plant combination is likely to maintain a high overall risk profile. Manufacturing yield will stay around the mid?95% range with occasional dips, but the gap between planned and actual production will persist, keeping inventory buffers thin. Deviations and OOS events are expected to continue at a similar frequency, and the supplier’s on?time delivery (?93%) combined with a 10?day lead time may strain the schedule if any additional upset occurs.;"[""High supplier risk rating (historical quality score 70.5)"", ""Consistent shortfall between planned and actual quantity (~5\u20116% under\u2011production)"", ""Average of 1\u20113 deviations per month with no clear downward trend"", ""OOS events averaging 20\u201130 per month (\u22482\u20113% of tests)"", ""Yield hovering around 95\u201196% with slight month\u2011to\u2011month volatility"", ""Lead time of 10 days and 93% on\u2011time delivery leaving little slack""]";"[""Increase safety stock or buffer inventory to cover the typical 5\u20116% production shortfall."", ""Conduct a focused supplier quality audit on Ardent BioSupply to address the root causes of OOS and deviation events."", ""Implement tighter in\u2011process control limits and real\u2011time yield monitoring to catch yield drift early."", ""Negotiate a reduced lead\u2011time or a secondary qualified supplier to improve delivery resilience."", ""Review and tighten deviation management \u2013 enforce corrective action closure within 7 days and track recurrence."", ""Enhance communication of production schedules with the supplier to improve on\u2011time delivery above 95%.""]";Medium;2026-09-11 08:38:04.998086
S001;PL008;VitaRaw;High;68;Over the next 1?3 months the supplier?plant combination is likely to maintain a moderate level of production but with a continued risk of supply shortfalls and quality excursions. Yield will hover around 95.8?96.2% (slightly below the 96%+ target), OOS events are expected to stay in the high?teens per month, and occasional deviations (1?3 per month) will persist. On?time delivery may slip further if the 38?day lead time is not shortened, keeping the overall supply risk elevated.;"[""High supplier risk rating and 84% on\u2011time delivery"", ""Consistently high OOS counts (10\u201121 per month)"", ""Yield plateauing just below 96% with a slight downward trend in the last two months"", ""Frequent deviations (1\u20114 per month) and occasional spikes"", ""Long lead time (38 days) combined with variable batch sizes""]";"[""Implement a joint supplier\u2011plant corrective action plan focused on reducing OOS events (root\u2011cause analysis, tighter in\u2011process controls)."", ""Negotiate lead\u2011time reduction or safety\u2011stock buffers to mitigate the 38\u2011day delivery window."", ""Increase frequency of quality audits and real\u2011time deviation monitoring; target deviation count \u22641 per month."", ""Introduce yield improvement initiatives (process optimization, equipment calibration) to push average yield >96.5%."", ""Establish a contingency supplier or secondary source for critical raw material to lower the high supplier risk rating.""]";Medium;2026-09-11 08:38:12.329904
S001;PL003;VitaRaw;High;68;Over the next 1?3 months the supplier?plant combination is likely to maintain a moderate to high risk profile. Yield will stay around 95?% with no clear upward trend, while occasional spikes in OOS events (especially after high?batch months) may cause short?term supply gaps. Delivery performance is expected to hover near the current 84?% on?time rate, and the 38?day lead time will remain a constraint, potentially amplifying any deviation or OOS?related disruptions.;"[""High supplier risk rating and sub\u2011optimal on\u2011time delivery (84\u202f%)"", ""Persistently high OOS counts (average ~22 per month, spikes up to 43)"", ""Variable deviation counts with occasional spikes (up to 8 in Oct 2025)"", ""Yield stability around 95\u202f% but no improvement trend"", ""Lead time of 38 days limiting flexibility to absorb disruptions""]";"[""Implement a tighter deviation monitoring program; trigger root\u2011cause investigations when deviation count exceeds 5 in a month."", ""Increase OOS trend analysis \u2013 conduct weekly review of OOS root causes and apply corrective actions before batch release."", ""Negotiate with VitaRaw to improve on\u2011time delivery to >90\u202f% or qualify an alternate secondary supplier for critical APIs."", ""Build safety stock equivalent to at least two weeks of production (\u2248 1.5\u202fM units) to buffer lead\u2011time variability."", ""Conduct a quarterly supplier performance audit focusing on quality system compliance and lead\u2011time reliability."", ""Consider adjusting batch scheduling to avoid peak\u2011load months (e.g., limit batches >30 per month) to reduce OOS and deviation pressure.""]";Medium;2026-09-11 08:38:18.793761
S002;PL002;Global API Works;Medium;38;Over the next 1?3 months the supplier?plant combination is expected to maintain a relatively stable manufacturing output with average yields around 96.8?97.0% and on?time delivery near 97%. However, the frequency of deviations and out?of?specification (OOS) events is likely to remain modestly elevated, and occasional short?term dips in actual quantity versus plan may occur, especially if batch sizes increase. Overall risk will stay moderate, with a slight upward pressure if deviation or OOS trends do not improve.;"[""Increasing deviation count in recent months (peak of 8 in 2026\u201103)"", ""OOS counts trending upward in the last 4 months (average 22 vs earlier 15\u201118)"", ""Yield hovering just below 97% with minor month\u2011to\u2011month fluctuations"", ""Actual production consistently 3\u20114% below planned quantity"", ""Lead time of 32 days combined with high on\u2011time delivery (97%) but limited buffer""]";"[""Implement a focused deviation\u2011root\u2011cause review for the March 2026 spike and any similar outliers."", ""Increase statistical process control monitoring on critical steps to catch early drift that leads to OOS events."", ""Align batch scheduling with supplier lead\u2011time buffers; consider a 5\u2011day safety stock of API to mitigate any late deliveries."", ""Conduct a quarterly supplier quality audit focusing on raw\u2011material consistency and analytical method robustness."", ""Establish a yield improvement task force to target a consistent \u226597.2% yield through process optimization and equipment calibration."", ""Review and tighten deviation reporting thresholds to ensure minor issues are captured before they accumulate.""]";Medium;2026-09-11 08:38:25.502553
S001;PL002;VitaRaw;High;68;Over the next 1?3 months the supplier?plant combination is likely to maintain a high overall risk profile. Yield will stay around 96.5?97% with occasional spikes, but the frequency of deviations and out?of?specification (OOS) events is expected to remain modestly elevated. Production volumes will continue to track planned quantities with a 3?5% shortfall, and the 84% on?time delivery rate combined with a 38?day lead time may cause occasional material shortages that could interrupt batch schedules.;"[""Persistently high supplier risk rating (High) despite good quality score"", ""On\u2011time delivery below 90% (84%) creating material availability risk"", ""Variable deviation counts with a recent spike (9 in June 2026)"", ""OOS counts remaining in the teens, showing no clear downward trend"", ""Yield hovering just below 97% with slight month\u2011to\u2011month fluctuations""]";"[""Implement a joint supplier\u2011plant performance review focusing on deviation root\u2011cause analysis and corrective actions."", ""Increase safety stock or qualify an alternate secondary supplier to buffer the 38\u2011day lead time and 84% delivery performance."", ""Introduce tighter in\u2011process monitoring and real\u2011time yield tracking to catch early signs of yield drift."", ""Standardize deviation reporting and enforce a maximum of 1 deviation per month; investigate the June 2026 spike."", ""Conduct a trend analysis of OOS events and prioritize corrective actions on the most frequent failure modes."", ""Align production planning with realistic capacity forecasts; consider reducing batch size variance to improve consistency.""]";Medium;2026-09-11 08:38:31.895499
S003;PL006;Sterling Chemicals;Medium;58;Over the next 1?3 months the supplier?plant combination is likely to maintain a moderate risk profile. Yield will stay around the mid?96% range, occasional out?of?specification (OOS) events will persist (?15?20 per month) and deviations will remain low but may appear sporadically. Production volumes will continue to track planned quantities within a 3?4% shortfall. On?time delivery is expected to stay near the current 93% level, but the 30?day lead time leaves little buffer for any unexpected disruptions, so any further slip could elevate supply risk.;"[""Slight downward trend in average yield (96.8% \u2192 96.1% over 12 months)"", ""Persistently high OOS counts (average 16 per month, spikes up to 22)"", ""Increasing deviation count in recent months (5 in Jun 2026)"", ""Lead time of 30 days with no safety stock, combined with 93% on\u2011time delivery"", ""Variability in actual vs. planned quantity (3\u20114% shortfall each month)""]";"[""Implement a short\u2011term yield improvement program (process optimization, tighter in\u2011process controls) to bring average yield back above 97%."", ""Root\u2011cause analysis of OOS events focusing on the most frequent failure modes; increase QC sampling frequency for high\u2011risk intermediates."", ""Introduce a deviation monitoring dashboard to flag any month with >2 deviations and trigger corrective action within 5 days."", ""Negotiate a reduced supplier lead time or add a safety\u2011stock buffer to mitigate the impact of the 30\u2011day lead time on supply continuity."", ""Conduct a supplier performance review quarterly; consider alternate secondary suppliers for critical raw materials if on\u2011time delivery falls below 95%.""]";Medium;2026-09-11 08:44:29.175802
S005;PL001;NexGen Materials;Medium;32;Over the next 1?3 months the supplier?plant combination is expected to maintain its current performance envelope. Yield will likely stay around 96.8?97.1%, actual production will remain within 2?3% of planned volumes, and OOS events will continue to trend downward toward single?digit counts per month. The on?time delivery metric (96%) and lead time (?45?days) are stable, so no major supply interruptions are anticipated.;"[""Slight month\u2011to\u2011month variability in actual vs. planned quantity (2\u20113% shortfall)"", ""Low but persistent OOS counts (5\u201125 per month, trending down)"", ""Stable average yield (~96.8\u201197.2%) with a minor dip in early 2026"", ""Deviations are rare (0\u20115 per month) and have not increased"", ""Supplier on\u2011time delivery remains high (96%) and lead time unchanged""]";"[""Maintain current supplier qualification; monitor yield and OOS trends monthly."", ""Implement a rolling 3\u2011month variance review for actual vs. planned quantity to catch any emerging shortfalls early."", ""Continue root\u2011cause analysis on OOS events; focus on the few recurring failure modes to drive counts toward <5 per month."", ""Conduct a quarterly supplier performance workshop to reinforce quality expectations and discuss any lead\u2011time pressures."", ""Establish a contingency buffer of 2\u20113% extra inventory for critical SKUs to mitigate the modest production shortfall risk.""]";High;2026-09-11 08:44:43.550278
S003;PL001;Sterling Chemicals;Medium;58;Over the next 1?3 months the supplier?plant combination is likely to maintain its current performance envelope: average yields will stay around 96.8?97.2%, on?time delivery will remain near the current 93% level, and OOS events will continue at roughly 12?20 per month. However, the modest upward trend in deviation counts and occasional spikes in OOS numbers introduce a moderate risk of short?term supply shortfalls, especially if a batch?size increase is planned.;"[""Increasing deviation count (average 2\u20114 per month, up from near\u2011zero in early period)"", ""Slight rise in OOS events in recent months (12\u201121 per month, up from 5\u201115 earlier)"", ""Yield hovering just below 97% with a small downward drift in early 2026"", ""Consistent but not perfect on\u2011time delivery (93%) and 30\u2011day lead time""]";"[""Implement a focused deviation review board to identify root causes of the growing deviation frequency and close any recurring gaps."", ""Increase OOS trend monitoring; trigger a corrective action if OOS exceeds 18 in any month."", ""Maintain a buffer inventory of at least 5\u20117% of monthly planned quantity to absorb potential shortfalls from yield or OOS spikes."", ""Engage Sterling Chemicals to confirm lead\u2011time reliability and explore options to shorten the 30\u2011day window for critical APIs."", ""Conduct a quarterly supplier quality audit focusing on raw\u2011material consistency and batch release documentation."", ""Align production scheduling with the supplier\u2019s batch count trends; avoid large batch\u2011size jumps until deviation and OOS rates stabilize.""]";Medium;2026-09-11 08:45:00.858593
S005;PL002;NexGen Materials;Medium;42;Over the next 1?3 months the supplier?plant combination is expected to maintain a relatively stable performance with modest variations. Yield will likely stay around the high?96% to low?97% range, and overall batch output will track planned quantities with a 3?4% shortfall. Deviations will remain low (0?2 per month) and OOS events will hover around 15?25 per month, showing no clear upward trend. On?time delivery is strong (?96%) and lead time remains at ~45?days, so supplier logistics are unlikely to become a major risk driver in the short term.;"[""Slight month\u2011to\u2011month fluctuations in actual vs. planned quantity (3\u20114% shortfall)"", ""Occasional spikes in OOS counts (e.g., July 2026) and a modest rise in deviation count in early 2026"", ""Yield hovering near 96.5% with a brief dip in Jan\u2011Jul 2026"", ""Consistently high supplier quality score (97.6) and on\u2011time delivery (96%) mitigating major risk""]";"[""Implement a rolling 3\u2011month variance review of actual vs. planned quantity to flag any emerging trend of larger shortfalls."", ""Conduct root\u2011cause analysis on months with elevated OOS (July 2026, September 2025) and apply corrective actions to the specific process steps or raw\u2011material batches."", ""Maintain close monitoring of deviation incidents; if frequency exceeds 2 per month, trigger a quality alert and review SOP adherence."", ""Engage with NexGen Materials to confirm lead\u2011time stability and explore buffer inventory for critical APIs to offset any unexpected delivery delays."", ""Continue quarterly supplier audits focusing on raw\u2011material consistency and documentation to preserve the high supplier quality score.""]";Medium;2026-09-11 08:45:12.573506
S004;PL002;Prime Excipients;Medium;32;Over the next 1?3 months the supplier?plant combination is expected to maintain a relatively stable performance with average yields around 96.5?97% and on?time delivery remaining high (~97%). However, the slight upward trend in out?of?specification (OOS) events and occasional spikes in deviation counts suggest a modest increase in manufacturing risk, especially if the current OOS frequency (?0.8?1.0% of tests) persists. Production quantities will likely stay close to plan, but the variability in batch size (e.g., a low?volume August) may cause short?term inventory fluctuations.;"[""Occasional spikes in OOS events (up to 23 in a month)"", ""Variable deviation counts (0\u20115 per month) with recent low frequency but potential for spikes"", ""Yield hovering just below 97% with a single high\u2011yield month (Mar 2026) but overall stable"", ""Consistently high on\u2011time delivery (97%) but lead time of 35 days leaves little buffer for delays""]";"[""Implement a focused OOS trend monitoring program; trigger root\u2011cause investigations when monthly OOS >20."", ""Review deviation handling procedures and enforce stricter change\u2011control to prevent sudden increases."", ""Conduct a quarterly yield stability review; target a minimum average yield of 96.8% and investigate any month falling below 96.5%."", ""Maintain safety stock to offset the modest production quantity variability, especially after low\u2011batch months."", ""Engage with Prime Excipients to confirm lead\u2011time reliability and explore options to reduce lead time or add buffer shipments."", ""Schedule a joint supplier quality audit focusing on raw\u2011material consistency and testing protocols.""]";Medium;2026-09-11 08:45:27.245555
S006;PL002;NovaChem;Medium;38;Over the next 1?3 months the NovaChem?PL002 combination is expected to maintain its current performance envelope. Yield will likely stay around 96.5?97.0%, actual production will remain 2?3% below plan, and OOS events will hover in the high?teens per month. Minor deviations (1?3 per month) will continue, and on?time delivery is projected to stay near the current 98% level. No abrupt spikes are anticipated, but the modest upward trend in OOS counts and the persistent 2?3% shortfall to planned quantity keep overall risk at a medium level.;"[""Slight upward trend in OOS events (average 17 per month, rising from 14 to 22)"", ""Consistent 2\u20113% shortfall between planned and actual production quantity"", ""Stable but non\u2011zero deviation count (1\u20113 per month) with no clear downward trend"", ""Yield hovering just below 97% without clear improvement"", ""High on\u2011time delivery (98%) and low supplier risk mitigate but do not offset quality\u2011related concerns""]";"[""Conduct a root\u2011cause analysis on the increasing OOS events; focus on analytical method robustness and raw\u2011material variability."", ""Implement tighter batch\u2011release criteria and real\u2011time monitoring to catch deviations early."", ""Review capacity planning and scheduling to address the recurring 2\u20113% production shortfall; consider buffer inventory or slight upward adjustment of planned quantities."", ""Engage NovaChem in a joint continuous\u2011improvement program targeting yield stability (target >97.2%) and deviation reduction."", ""Maintain supplier performance reviews but add a quarterly quality\u2011score KPI tied to OOS and deviation trends.""]";Medium;2026-09-11 08:45:41.967665
S004;PL003;Prime Excipients;Medium;42;Over the next 1?3 months the plant?supplier pair is expected to maintain its current performance envelope. Yield will likely stay in the mid?95% range, batch output will continue to track planned quantities with a 4?6% shortfall, and deviation counts will remain low (1?4 per month). Out?of?specification (OOS) events are expected to stay around 15?25 per month, showing no clear upward trend. On?time delivery should remain high (>95%) given the supplier’s current lead time of ~35 days, but any further extension of lead time could pressure inventory buffers.;"[""Slight month\u2011to\u2011month variability in deviation counts (1\u20114) and OOS events (15\u201128) \u2013 occasional spikes drive risk."", ""Yield stability with a minor dip in Jan 2026 but overall average ~95.5% \u2013 no persistent decline."", ""Planned vs. actual quantity gap of 4\u20116% each month \u2013 indicates modest production shortfall risk."", ""High on\u2011time delivery (97%) and low supplier risk rating offset most supply\u2011chain concerns."", ""Lead time of 35 days is acceptable now, but any increase could amplify inventory pressure.""]";"[""Implement a monthly deviation\u2011trend review; trigger a root\u2011cause investigation when deviations exceed 3 in a month."", ""Strengthen OOS monitoring \u2013 set a threshold of >22 OOS events/month to initiate a quality\u2011risk escalation."", ""Adjust production scheduling to account for the consistent 4\u20116% shortfall between planned and actual output; consider a safety stock buffer of 5\u20117% of planned quantity."", ""Engage the supplier to confirm that lead time will remain at 35 days; negotiate a contingency clause for lead\u2011time extensions >5 days."", ""Conduct a quarterly supplier\u2011quality audit focusing on excipient consistency and batch release documentation to sustain the high supplier quality score."", ""Develop a contingency sourcing plan for critical excipients in case of unexpected supplier performance degradation.""]";Medium;2026-09-11 08:45:54.598983
S007;PL002;Zenith Life Sciences;Medium;38;Over the next 1?3 months the Zenith Life Sciences / PL002 combination is expected to maintain a generally stable manufacturing performance with modest fluctuations. Yield will likely stay around the high?mid 96?97% range, batch output will remain close to plan (within 3?4% shortfall), and OOS events will hover around 12?20 per month. However, the on?time delivery metric of 88% and occasional spikes in OOS counts keep the overall supply?chain risk at a medium level, with a small chance of a short?term disruption if a new deviation or quality issue arises.;"[""Slightly below\u2011target on\u2011time delivery (88%)"", ""Occasional spikes in OOS events (e.g., 29 in Jan\u20112026)"", ""Yield variability around 96\u201197% (no clear upward trend)"", ""Consistent but modest deviation counts (0\u20113 per month)"", ""Lead time of 33 days with limited buffer""]";"[""Implement a weekly yield and OOS monitoring dashboard to catch early upward trends."", ""Conduct a root\u2011cause analysis on the January 2026 OOS spike and any month with >20 OOS events."", ""Work with Zenith to improve on\u2011time delivery to >95% by tightening logistics and adding a safety stock buffer."", ""Review batch scheduling to reduce the 3\u20114% shortfall between planned and actual quantities, especially for high\u2011volume months."", ""Establish a contingency supplier or secondary lot for critical raw materials to mitigate lead\u2011time risk.""]";Medium;2026-09-11 08:46:10.574921
S002;PL004;Global API Works;Low;32;Over the next 1?3 months the supplier?plant combination is expected to maintain its current performance envelope. Manufacturing yield will likely stay around 96?97%, with actual production volumes tracking planned volumes within a 3?4% shortfall. Deviation incidents should remain rare (?2 per month) and out?of?specification (OOS) events will continue to fluctuate without a clear upward trend. Delivery performance is projected to stay near the current 97% on?time rate, and lead?time will remain around 30?33 days.;"[""Consistently high average yield (~96.5%)"", ""Low and stable deviation count"", ""OOS counts showing month\u2011to\u2011month variability but no sustained increase"", ""Strong on\u2011time delivery (97%) and moderate lead time (32 days)"", ""Supplier quality score above 89""]";"[""Maintain current supplier qualification and monitoring program; no immediate re\u2011qualification needed."", ""Continue monthly trend analysis of yield, OOS and deviation metrics to catch any early drift."", ""Implement a rolling 3\u2011month moving average control chart for OOS events to identify any emerging upward trend."", ""Conduct a quarterly supplier performance review focusing on lead\u2011time variability and on\u2011time delivery to ensure it stays above 95%."", ""Run a root\u2011cause review on the higher OOS months (Jan\u2011Apr) to verify that the spikes were isolated and not linked to systematic process changes.""]";Medium;2026-09-11 08:46:23.975152
S006;PL001;NovaChem;Low;32;Over the next 1?3 months the NovaChem?PL001 combination is expected to maintain its current performance level. Yield will likely stay around 96.8?97.2%, actual production will remain within 3?4% of plan, deviation incidents will stay low (0?2 per month) and OOS events will continue to decline modestly, hovering around 8?12 per month. Supplier on?time delivery and lead?time are unlikely to change dramatically, keeping supply?chain risk modest.;"[""Stable average yield (96.7\u201197.4%) with no downward trend"", ""Consistently high on\u2011time delivery (\u224898%) and moderate lead time (26\u202fdays)"", ""Gradual reduction in OOS counts from 21 to 5 over 12\u202fmonths"", ""Low and irregular deviation counts (0\u20115 per month)"", ""Supplier quality score remaining above 85""]";"[""Maintain current supplier qualification and monitoring program; conduct quarterly performance reviews."", ""Continue trend analysis of OOS and deviation data to catch any early uptick."", ""Implement a rolling 3\u2011month buffer in inventory to absorb the 26\u2011day lead time and occasional small shortfalls."", ""Run a root\u2011cause review on the few months with higher deviation counts (Oct\u202f2025, Mar\u202f2026, Jun\u202f2026) to ensure issues are fully resolved."", ""Engage NovaChem on continuous improvement initiatives focused on yield consistency and OOS reduction.""]";Medium;2026-09-11 08:46:38.484494
S006;PL004;NovaChem;Medium;45;Over the next 1?3 months the NovaChem?PL004 combination is expected to maintain its current performance envelope. Average batch yield will likely stay around 96.5?96.8%, with occasional minor dips (e.g., the July 96.0% outlier) but no sustained downward trend. Out?of?specification (OOS) events are projected to remain in the mid?teens per month, reflecting the recent pattern rather than a sharp increase. Deviations will stay low (1?2 per month) with the occasional higher count seen in January likely to be isolated. Production quantities will continue to track planned volumes within a 3?4% shortfall, indicating stable but not perfectly aligned output. Supplier on?time delivery and lead?time metrics are unlikely to change dramatically, so they will not become a new source of risk in the short term.;"[""Slight variability in batch yield around the mid\u201196% range"", ""Consistently moderate OOS event count (10\u201124 per month)"", ""Low but irregular deviation incidents"", ""Planned vs. actual quantity gap of ~3\u20114%"", ""High on\u2011time delivery (98%) and stable lead time (\u224826 days) mitigating supply risk""]";"[""Implement a quarterly yield trending review to catch any emerging downward drift before it becomes systematic."", ""Conduct root\u2011cause analysis on months with elevated OOS counts (especially Oct\u20112025 and Dec\u20112025) and apply corrective actions to the most frequent failure modes."", ""Strengthen deviation monitoring by setting a threshold of >2 deviations per month to trigger an immediate investigation."", ""Align production scheduling with supplier lead\u2011time buffers (e.g., maintain a 5\u2011day safety stock) to absorb the 3\u20114% shortfall between planned and actual output."", ""Engage NovaChem in a joint continuous\u2011improvement program focusing on yield optimization and OOS reduction, leveraging their high on\u2011time delivery performance.""]";Medium;2026-09-11 08:46:53.858867
S002;PL005;Global API Works;Medium;38;Over the next 1?3 months the supplier?plant combination is expected to maintain a relatively stable manufacturing performance with average yields around 97% and on?time delivery remaining high (~96?98%). However, the frequency of out?of?specification (OOS) events is likely to stay elevated (?20?25 OOS per month) and occasional deviations may appear, creating a moderate risk of supply interruptions if a batch fails release.;"[""Elevated OOS counts (average 17 per month, spikes up to 27)"", ""Occasional deviation spikes (up to 3 per month)"", ""Yield hovering just below 97% with slight month\u2011to\u2011month fluctuation"", ""High batch volume variability (batch count 11\u201135)"", ""Lead time of 32 days combined with occasional on\u2011time delivery dips""]";"[""Increase real\u2011time monitoring of critical quality attributes to catch OOS trends early."", ""Conduct a root\u2011cause analysis on months with >20 OOS events (Mar\u20112026, Jul\u20112026) and implement corrective actions."", ""Review deviation handling procedures; aim to keep deviation count \u22641 per month."", ""Establish a buffer inventory covering at least two weeks of production to mitigate any sudden supply shortfall."", ""Engage with Global API Works to confirm lead\u2011time stability and explore options to reduce it below 30 days."", ""Implement a quarterly yield trend review; if average yield falls below 96.8% trigger a process audit."", ""Align quality testing capacity with batch volume peaks to avoid testing bottlenecks.""]";Medium;2026-09-11 08:47:10.280706
S005;PL004;NexGen Materials;Medium;58;Over the next 1?3 months the supplier?plant combination is likely to maintain its current performance level with modest variations. Yield will stay around 96?97%, but occasional dips to the low?95% range may appear. Deviations and OOS events will continue at a similar frequency to the recent 6?month average, with a slight chance of a modest increase if the recent rise in deviation count (June) recurs. Production quantities will track planned volumes with a typical 3?4% shortfall. On?time delivery is expected to remain high (>95%) but the 45?day lead time leaves limited buffer for any supply disruptions.;"[""Slight upward trend in deviation count (peak in June 2026)"", ""OOS events fluctuating but higher in months with larger batch counts (e.g., Dec 2025, Jun 2026)"", ""Yield stability around 96% with a single low\u201195% month (Jan 2026)"", ""Consistent 3\u20114% gap between planned and actual production quantity"", ""High on\u2011time delivery (96%) but long lead time (45 days) limiting flexibility""]";"[""Implement a weekly deviation review focusing on root\u2011cause analysis for the June 2026 spike; aim to keep deviation count \u22642 per month."", ""Strengthen OOS monitoring by linking OOS events to specific batches and raw\u2011material lots; target a \u226415 OOS per month threshold."", ""Introduce a yield control plan: tighter in\u2011process controls during high\u2011batch months to prevent low\u201195% dips."", ""Adjust production scheduling to incorporate a 5\u20117% safety buffer in planned quantity to offset the recurring shortfall."", ""Engage NexGen Materials to explore lead\u2011time reduction or safety\u2011stock agreements, mitigating risk from the 45\u2011day lead time."", ""Conduct a quarterly supplier performance workshop to address quality trends and reinforce the high supplier quality score.""]";Medium;2026-09-11 08:38:38.403633
S003;PL003;Sterling Chemicals;Medium;58;Over the next 1?3 months the supplier?plant combination is likely to maintain its current performance envelope: average yields will stay around 95?96%, on?time delivery will remain near the high 90% range, and OOS events will continue at roughly 0.6?0.8% of total tests. However, the modest upward trend in OOS counts and occasional spikes in deviation frequency suggest a slight increase in manufacturing risk, especially if any new product launches or batch size changes occur.;"[""Increasing OOS event count (average 18\u201120 per month, with a peak of 42 in Nov 2025)"", ""Yield variability \u2013 slight dip in Jan 2026 (94.94%) and recent values hovering just below 95.5%"", ""Fluctuating batch counts and production quantities causing occasional capacity strain"", ""Supplier lead time of 30 days combined with 93% on\u2011time delivery leaves limited buffer for delays""]";"[""Implement a focused OOS root\u2011cause analysis program targeting the recurring out\u2011of\u2011spec tests observed since November 2025."", ""Tighten deviation monitoring \u2013 set a threshold of \u22641 deviation per month and trigger a corrective action plan when exceeded."", ""Establish a buffer inventory equal to at least two weeks of planned production to mitigate the impact of the 30\u2011day lead time and occasional delivery lateness."", ""Conduct a quarterly supplier performance review with Sterling Chemicals, emphasizing yield consistency and OOS trend reduction."", ""Align batch sizing with the plant\u2019s historical capacity (\u224830\u201132 batches/month) to avoid over\u2011stretching and to keep deviation risk low.""]";Medium;2026-09-11 08:38:55.422579
S004;PL001;Prime Excipients;Medium;38;Over the next 1?3 months the supplier?plant combination is expected to maintain a generally stable performance with modest variations. Yield will likely stay around 96.8?97.2%, production quantities will track planned volumes with 2?4% shortfall, deviation counts will remain low (0?3 per month) and OOS events will average 12?18 per month. On?time delivery and lead?time are unlikely to change dramatically, but the modest rise in OOS frequency and slight dip in yield observed in the most recent months suggest a watch?list risk that could elevate if not addressed.;"[""Slight upward trend in OOS events (especially spikes in Mar\u20112026 and May\u20112026)"", ""Yield hovering just below 97% with a minor downward drift in the last three months"", ""Occasional deviations (max 5 in Oct\u20112025, otherwise \u22643)"", ""Consistent on\u2011time delivery (97%) but lead time of 35 days leaves little buffer"", ""Production quantity shortfalls of 2\u20114% each month""]";"[""Implement a focused root\u2011cause analysis on OOS spikes (e.g., raw\u2011material impurity, equipment drift) and corrective actions within the next 30 days."", ""Tighten batch\u2011level yield monitoring; set a trigger at <96.5% average yield to initiate process review."", ""Review deviation handling procedures; ensure deviations are closed within 7 days and assess if any are recurring."", ""Engage the supplier to confirm lead\u2011time stability and explore safety\u2011stock options to mitigate the 35\u2011day lead time."", ""Conduct a quarterly supplier quality audit focusing on excipient specifications and OOS trends."", ""Increase statistical process control (SPC) sampling frequency for critical quality tests when OOS counts exceed 15 in a month.""]";Medium;2026-09-11 08:39:10.065229
S006;PL003;NovaChem;Medium;45;Over the next 1?3 months the NovaChem?PL003 combination is expected to maintain a relatively stable manufacturing profile. Average batch yield will likely stay around 95?% (±0.5?%). Production quantities will continue to track planned volumes with a 4?6?% shortfall, reflecting the historical 4?5?% gap. Deviation counts are expected to remain low (1?4 per month) and OOS events will likely stay in the mid?teens per month, showing no clear upward or downward trend. Supplier on?time delivery and lead?time (?26?days) are unlikely to change dramatically, so supply?chain risk will stay modest.;"[""Slight variability in batch yield around 95\u202f%"", ""Consistent 4\u20116\u202f% shortfall between planned and actual production"", ""Monthly deviation counts averaging 2\u20114 events"", ""OOS events averaging 15\u201120 per month"", ""High on\u2011time delivery (98\u202f%) but limited buffer in lead time""]";"[""Implement a tighter yield monitoring dashboard to flag any drop below 94.5\u202f% within a month."", ""Review and adjust production scheduling to account for the recurring 4\u20116\u202f% quantity shortfall."", ""Conduct root\u2011cause analysis on recurring deviation types and develop corrective action plans."", ""Increase sampling frequency for critical quality tests when OOS rates exceed 18 per month."", ""Engage NovaChem to discuss lead\u2011time variability and explore safety\u2011stock options to buffer potential delays.""]";Medium;2026-09-11 08:39:25.750247
S009;PL001;Ardent BioSupply;High;68;Over the next 1?3 months the supplier?plant combination is likely to maintain a high overall risk profile. Yield will hover around the mid?95% range with occasional dips, while OOS events are expected to stay near 30 per month. Deviations will remain low in count but may appear sporadically. Production quantities will continue to fluctuate month?to?month, reflecting the variable batch count and occasional short?run schedules. On?time delivery is likely to stay around the low?90% range, but the 10?day lead time combined with the high supplier risk rating could cause occasional material shortages that amplify manufacturing risk.;"[""High supplier risk rating (overall) and modest on\u2011time delivery (93%)"", ""Yield variability around 95\u201196% with a slight downward trend in recent months"", ""Consistently high OOS counts (25\u201136 per month) indicating quality\u2011testing pressure"", ""Fluctuating batch counts and production quantities leading to schedule instability"", ""Occasional spikes in deviation counts (up to 6 in Dec 2025) showing process control lapses"", ""Lead time of 10 days with no improvement, limiting buffer capacity""]";"[""Implement a short\u2011term supplier performance improvement plan: increase audit frequency, focus on root\u2011cause analysis of OOS and deviation events."", ""Establish a safety\u2011stock buffer for critical raw materials to mitigate the 10\u2011day lead\u2011time risk and the 93% on\u2011time delivery rate."", ""Launch a yield\u2011stability project targeting process parameters that drove the dip to 95.22% in Jun 2026; aim for \u226596% average yield."", ""Standardize deviation handling by introducing a rapid\u2011response deviation review board to reduce the impact of occasional spikes."", ""Enhance quality\u2011testing throughput and data analytics to identify early signals of OOS trends and address them before batch release."", ""Negotiate tighter delivery windows or alternative secondary suppliers to lower the high supplier risk rating.""]";Medium;2026-09-11 08:39:41.538463
S008;PL003;Apex Biochem;High;68;Over the next 1?3 months the supplier?plant combination is likely to maintain a high overall risk profile. Manufacturing yield will hover around the mid?95% range with modest month?to?month variation, while deviation counts will stay low but sporadic (1?3 per month). Out?of?specification (OOS) events are expected to remain elevated, averaging 12?15 per month, with a noticeable spike in April that may recur if root causes are not addressed. Production quantities will continue to lag planned volumes by 4?6%, reflecting a consistent shortfall. Supplier on?time delivery is currently strong (96%), but the long lead time of 26 days combined with the high supplier risk rating could become a bottleneck if demand surges or if any logistics disruption occurs.;"[""Persistently high OOS count (average 13/month) indicating quality instability"", ""Slight upward trend in deviation frequency (0\u20113/month) and occasional clusters"", ""Yield hovering just below 96% with no clear upward trend"", ""Consistent shortfall between planned and actual production (4\u20116% deficit)"", ""High supplier risk rating and long lead time (26 days) despite good on\u2011time delivery""]";"[""Conduct a focused root\u2011cause analysis on OOS events, prioritising the high\u2011frequency batches and any common analytical methods or raw\u2011material sources."", ""Implement tighter in\u2011process control limits and increase real\u2011time monitoring to catch deviations earlier; aim to reduce deviation count to \u22641 per month."", ""Work with Apex Biochem to improve raw\u2011material quality specifications and qualify an alternate secondary supplier to mitigate lead\u2011time risk."", ""Review and optimise batch scheduling to close the 4\u20116% gap between planned and actual output; consider buffer inventory for critical intermediates."", ""Increase frequency of supplier quality audits (quarterly) and establish a joint continuous\u2011improvement program targeting yield and OOS reduction.""]";Medium;2026-09-11 08:39:58.325779
S005;PL003;NexGen Materials;Medium;58;Over the next 1?3 months the supplier?plant combination is likely to maintain its current performance level with modest variability. Yield will stay around 95.5?96%, actual production will continue to lag planned volumes by roughly 4?5%, and OOS events will average 12?15 per month. Deviations will remain low (0?3 per month). Delivery performance is expected to stay high (>95%) but the 45?day lead time leaves little buffer for any unexpected disruption, so any further increase in OOS or deviation frequency could translate into supply risk.;"[""Slight upward trend in OOS counts (average 14/month, peak 27 in Jan\u20112026)"", ""Consistent yield around 95.5% with a modest rise in May\u20112026 (96.02%) but no clear improvement trend"", ""Actual quantity consistently 4\u20115% below planned, indicating capacity or material availability constraints"", ""Low but recurring deviations (1\u20113 per month) showing occasional process instability"", ""Lead time of 45 days with no recent change, limiting flexibility for surge demand or disruption""]";"[""Implement a focused OOS root\u2011cause analysis on high\u2011frequency failure modes and apply corrective actions before the next planning cycle."", ""Increase buffer stock or safety stock at the plant to offset the 4\u20115% shortfall between planned and actual output."", ""Conduct a quarterly supplier performance review with NexGen Materials, emphasizing yield consistency and deviation reduction."", ""Explore options to shorten or add redundancy to the 45\u2011day lead time (e.g., secondary supplier qualification or expedited shipping agreements)."", ""Enhance real\u2011time monitoring of batch yields and deviation events to detect early drift and trigger rapid response.""]";Medium;2026-09-11 08:40:12.209024
S002;PL001;Global API Works;Low;38;Over the next 1?3 months the supplier?plant combination is expected to maintain its current performance level. Yield will likely stay around 97?% with actual output 2?3?% below plan, deviation incidents will remain rare (0?2 per month) and OOS events will stay in the high?teens per month. Delivery performance should stay near the current 97?% on?time rate, and lead?time will remain around 30?32?days. Overall risk remains low but a modest upward trend in OOS frequency and occasional deviations keep the risk score in the low?to?medium range.;"[""Slight upward trend in OOS counts (average 15\u202f\u2192\u202f22 per month)"", ""Occasional deviation spikes (up to 4 in a month)"", ""Yield hovering just below 97\u202f% with no clear improvement"", ""Consistent short\u2011term shortfall between planned and actual quantity (\u22482\u20113\u202f%)"", ""High on\u2011time delivery mitigates supply\u2011chain exposure""]";"[""Implement a focused root\u2011cause analysis on the rising OOS events and apply corrective actions to the most frequent failure modes."", ""Increase real\u2011time monitoring of batch yields and deviation triggers; set a threshold alert if yield falls below 96.5\u202f% for two consecutive batches."", ""Work with Global API Works to tighten raw\u2011material quality specifications and improve incoming material inspection to reduce deviation likelihood."", ""Maintain a safety stock buffer of at least 3\u20115\u202f% of average monthly demand to absorb the 2\u20113\u202f% shortfall observed between planned and actual production."", ""Review the supplier\u2019s lead\u2011time variability and negotiate a tighter delivery window (\u226430\u202fdays) to further lower supply\u2011risk exposure.""]";Medium;2026-09-11 08:40:25.812630
S002;PL003;Global API Works;Medium;58;Over the next 1?3 months the supplier?plant combination is expected to maintain its current production cadence with average yields around 95.3%. However, out?of?specification (OOS) events are likely to remain elevated (15?30 per month) and occasional deviation spikes (up to 6 per month) may occur, especially if batch sizes increase. Lead time is stable at ~32 days, but any further erosion of on?time delivery below the current 97% could amplify supply risk.;"[""Increasing OOS event count (trend upward, especially in recent months)"", ""Occasional spikes in deviation count (6 in July 2026)"", ""Yield dip in June 2026 (95.02%) after a period of stability"", ""High batch count variability (13 in Aug 2026 vs 38 in Sep 2025)"", ""Supplier quality score (89.4) close to the threshold for proactive monitoring""]";"[""Implement a focused root\u2011cause analysis on the rising OOS events and apply corrective actions to the most frequent failure modes."", ""Increase real\u2011time deviation monitoring; trigger a review when deviation count exceeds 4 in a month."", ""Conduct a yield stability study; if yield falls below 95.0% for two consecutive months, initiate process optimization."", ""Align production planning with supplier lead\u2011time buffers; maintain a minimum 5\u2011day safety stock to absorb any delivery delays."", ""Schedule quarterly supplier quality audits and share OOS trend data with Global API Works to drive joint improvement."", ""Review batch sizing strategy to avoid extreme low\u2011batch months (e.g., Aug 2026) that can stress change\u2011over and increase deviation risk.""]";Medium;2026-09-11 08:40:37.808811
S009;PL004;Ardent BioSupply;High;68;"Over the next 1?3 months the plant?supplier combination is likely to maintain a high overall risk profile. Manufacturing yield will hover around the mid?95% range with modest month?to?month variation, while deviation counts and out?of?specification (OOS) events are expected to stay at 2?4 per month and 20?30 per month respectively. Production quantities will continue to track planned volumes within a 5?6% shortfall, but occasional spikes in deviation or OOS counts could trigger batch holds or re?work, amplifying supply?chain pressure. Supplier on?time delivery is currently 93% with a 10?day lead time; any further erosion in delivery performance would compound the risk of inventory shortages.";"[""High supplier risk rating (historical quality score ~70.5)"", ""Consistently elevated OOS counts (average ~22 per month)"", ""Frequent deviations (average 2\u20113 per month, with a recent rise to 4 in Apr\u20112026)"", ""Yield hovering just below 96% with slight downward drift in early 2026"", ""Production shortfalls of 4\u20116% versus plan each month"", ""Lead time of 10 days combined with 93% on\u2011time delivery""]";"[""Conduct a focused supplier quality audit for Ardent BioSupply to identify root causes of OOS and deviation events."", ""Implement tighter in\u2011process control limits and real\u2011time yield monitoring to catch yield drift early."", ""Increase buffer stock or safety stock for critical intermediates to mitigate the impact of the 7\u2011day delivery variance."", ""Negotiate revised service\u2011level agreements (SLAs) with the supplier to improve on\u2011time delivery to >95% and reduce lead time where possible."", ""Introduce a deviation trend analysis dashboard to flag any month\u2011over\u2011month increase beyond 2 deviations."", ""Pilot a supplemental secondary supplier for high\u2011risk material categories to diversify supply risk."", ""Review batch sizing and scheduling to align planned quantity more closely with realistic yield forecasts, reducing the consistent 5\u20116% shortfall.""]";Medium;2026-09-11 08:40:52.885343
S009;PL003;Ardent BioSupply;High;78;Over the next 1?3 months the plant?supplier pair is likely to continue experiencing modest shortfalls in output (3?5% below plan) with a steady rate of out?of?specification (OOS) events (~30?35 per month) and occasional minor deviations (1?3 per month). Yield will hover just under 95% and may dip below 94% in the next month, reflecting a slight downward trend. Delivery performance is expected to stay near the current 93% on?time rate, but the 10?day lead time leaves little buffer for any further disruptions, so any additional supplier delays could quickly translate into manufacturing shortfalls.;"[""Persistently high OOS count (average 30 per month, rising to 45 in May 2026)"", ""Yield hovering below 95% with a recent dip to 93.8% in July 2026"", ""Consistent shortfall between planned and actual quantities (\u22484\u20116% under plan)"", ""Supplier risk flagged as High and quality score only 70.5"", ""Lead time of 10 days with on\u2011time delivery at 93% \u2013 limited slack""]";"[""Initiate a joint supplier quality improvement program focusing on root\u2011cause analysis of OOS events and yield loss."", ""Increase incoming material inspection frequency and tighten acceptance criteria to catch quality issues earlier."", ""Develop a contingency buffer stock or alternate secondary supplier to mitigate the 10\u2011day lead\u2011time risk."", ""Implement real\u2011time deviation tracking and rapid response SOPs to reduce deviation frequency and impact."", ""Conduct a quarterly review of supplier performance metrics and adjust contracts to include penalties for missed delivery or quality thresholds.""]";Medium;2026-09-11 08:41:08.656531
S004;PL005;Prime Excipients;Medium;38;Over the next 1?3 months the supplier?plant combination is expected to maintain its current performance envelope. Manufacturing yield will likely hover around 96.5?97.2%, with actual production volumes staying within 3?4% of plan. Deviation incidents are expected to remain low (0?3 per month) and OOS events will likely stay in the 8?16 range per month, showing no clear upward trend. On?time delivery should stay near the current 97% level, and lead time is unlikely to change dramatically unless external logistics disruptions occur.;"[""Slight month\u2011to\u2011month variability in deviation counts"", ""OOS event counts fluctuating but without a rising trend"", ""Yield hovering just below 97% with occasional dip to 96.4%"", ""Consistent on\u2011time delivery (97%) and stable lead time (35 days)"", ""Production quantity tracking plan within 3\u20114% variance""]";"[""Implement a monthly deviation review board to identify root causes of the occasional spikes (e.g., months with 5\u20116 deviations)."", ""Enhance OOS trend monitoring by linking OOS events to specific raw\u2011material lots and process steps."", ""Maintain a buffer stock equal to at least one week of planned quantity to mitigate any unexpected lead\u2011time elongation."", ""Conduct a quarterly supplier quality audit focusing on excipient consistency and documentation completeness."", ""Use statistical process control (SPC) charts for yield to catch early signs of drift below 96.5%.""]";Medium;2026-09-11 08:41:23.330836
S002;PL008;Global API Works;Medium;38;Over the next 1?3 months the supplier is expected to maintain a relatively stable performance. Yield will likely stay around 96?% with minor month?to?month variation, and on?time delivery should remain near the current 97?% level. However, the modest rise in deviation counts and OOS events in recent months suggests a slight upward pressure on manufacturing risk, especially if batch sizes increase or new products are introduced.;"[""Slight increase in deviation counts (peaking at 6 in Dec 2025, recent months 2\u20113)"", ""OOS events remain elevated (12\u201119 per month) despite stable yields"", ""Yield plateau around 96\u202f% with no clear upward trend"", ""Batch count volatility (10\u201133 per month) leading to production quantity swings"", ""Lead time of 32\u202fdays combined with high on\u2011time delivery creates limited buffer""]";"[""Implement a focused deviation review board to analyse root causes of the recent spikes and close any recurring gaps."", ""Enhance OOS trend monitoring; trigger a corrective action if monthly OOS > 15 or shows upward trend."", ""Stabilise batch scheduling \u2013 avoid large swings in batch count; aim for a 10\u201115\u202f% range to smooth production quantity."", ""Conduct a quarterly supplier performance audit, emphasizing raw\u2011material quality specifications and consistency."", ""Maintain safety stock to offset the 32\u2011day lead time and the occasional deviation\u2011driven shortfall."", ""Engage the supplier in a joint continuous\u2011improvement program targeting yield optimisation and deviation reduction.""]";Medium;2026-09-11 08:41:37.991265
S001;PL006;VitaRaw;High;68;Over the next 1?3 months the supplier?plant combination is likely to maintain a moderate to high risk profile. Yield will stay around 96?97% with occasional dips, but the frequency of deviations and OOS events is expected to remain at current levels or rise slightly, especially if the recent uptick in OOS (31 in March 2026) recurs. Delivery performance may slip further because the on?time delivery rate is already below 85% and the 38?day lead time leaves little buffer for disruptions.;"[""High supplier risk rating and sub\u2011optimal on\u2011time delivery (84%)"", ""Variable deviation counts (1\u20115 per month) with no clear downward trend"", ""Fluctuating OOS events, notably a spike in March 2026 (31 OOS)"", ""Yield hovering just below 97% with a recent dip to 96.08% in April 2026"", ""Inconsistent batch counts and production quantities month\u2011to\u2011month""]";"[""Implement a short\u2011term supplier performance improvement plan focusing on on\u2011time delivery and root\u2011cause analysis of deviations."", ""Increase in\u2011process quality monitoring to catch yield drifts early; consider tighter control limits around the 96.5\u201197% range."", ""Conduct a detailed OOS trend analysis; prioritize corrective actions for the processes that generated the March 2026 spike."", ""Establish a safety stock buffer to mitigate the impact of the 38\u2011day lead time and occasional delivery delays."", ""Schedule quarterly joint reviews with VitaRaw to align on quality expectations, lead\u2011time reliability, and corrective\u2011action tracking.""]";Medium;2026-09-11 08:41:50.665528
S007;PL003;Zenith Life Sciences;Medium;38;Over the next 1?3 months the plant?supplier pair is expected to maintain a generally stable production profile with average yields around 95% and on?time delivery near the current 88%. However, modest upward pressure on deviation and OOS counts is likely, and the modest gap between planned and actual quantities may widen slightly if the current trend of occasional under?production continues. Supplier lead time of 33 days remains acceptable, but any further erosion in on?time delivery could translate into short?term material shortages.;"[""Slight increase in deviation count (average 2\u20113 per month, up from 1\u20112 earlier)"", ""OOS events hovering around 15\u201123 per month, showing a mild upward trend"", ""Yield stability around 95% with no clear deterioration but occasional dip below 95"", ""Planned vs. actual quantity gap of ~5\u20116% persists"", ""On\u2011time delivery at 88% (below the ideal 95% threshold) could strain inventory""]";"[""Implement a weekly deviation review board to identify root causes of the rising deviation count and close any recurring gaps in process control."", ""Strengthen OOS investigation procedures; prioritize trends in specific assays or batches that repeatedly fail."", ""Introduce a buffer stock strategy (1\u20112 weeks of safety stock) to mitigate the impact of the 12% on\u2011time delivery shortfall."", ""Conduct a yield optimization audit focusing on the few batches that fall below 94.5% to ensure the dip is not systematic."", ""Negotiate with Zenith Life Sciences to improve delivery reliability or explore secondary qualified suppliers for critical APIs."", ""Align production scheduling with the 33\u2011day lead time, adding a contingency window for months with higher batch counts.""]";Medium;2026-09-11 08:42:07.054965
S003;PL008;Sterling Chemicals;Medium;58;Over the next 1?3 months the supplier?plant combination is likely to maintain a moderate risk profile. Manufacturing yield will stay around 96?% with small month?to?month fluctuations, but occasional dips (e.g., 95.3?% in Aug) may reappear. Production quantities will continue to vary with batch size changes, leading to modest gaps between planned and actual output (?3?5?%). Deviation counts are expected to remain low (0?4 per month) and OOS events will likely stay in the 9?18 range per month, with a slight upward trend possible if current quality testing intensity does not increase. On?time delivery is currently 93?% and lead time is stable at 30?days, so supplier logistics are not expected to become a major new risk, though any further erosion of delivery performance could amplify manufacturing risk.;"[""Slight increase in OOS events despite stable quality test volume"", ""Occasional spikes in deviation counts (up to 4 per month)"", ""Yield variability around the 95\u201196\u202f% range with a low\u2011point in Aug"", ""Production quantity gaps (planned vs actual) averaging 3\u20115\u202f%"", ""Medium supplier risk rating and 93\u202f% on\u2011time delivery""]";"[""Implement a focused root\u2011cause analysis on the months with higher OOS counts (Oct, Dec, May, Jun) and apply corrective actions to the identified process steps."", ""Increase real\u2011time monitoring of batch yields and set a trigger (e.g., yield <95.5\u202f%) for immediate investigation."", ""Review deviation handling procedures; aim to keep deviation count \u22642 per month by tightening change\u2011control and equipment qualification."", ""Collaborate with Sterling Chemicals to improve on\u2011time delivery to >95\u202f% and explore buffer inventory for critical raw materials to mitigate lead\u2011time variability."", ""Standardize batch sizing where possible to reduce the planned\u2011actual quantity gap and improve production planning accuracy."", ""Enhance quality testing coverage for high\u2011risk batches (e.g., larger batch counts) to catch potential OOS earlier.""]";Medium;2026-09-11 08:42:19.870254
S004;PL004;Prime Excipients;Medium;32;Over the next 1?3 months the supplier?plant combination is expected to maintain a relatively stable manufacturing performance with modest variations. Yield will likely stay around 96.5?%?±?0.5?%, production quantities will track planned volumes within 3?4?% shortfall, and on?time delivery should remain near the current 97?% level. However, the slight upward trend in deviation counts and a modest increase in OOS rates suggest a growing risk of quality?related interruptions that could marginally elevate supply risk if not addressed.;"[""Increasing frequency of deviation events (average 2.8 per month in the last 6 months vs 1.2 earlier)."", ""Gradual rise in OOS events per batch (average 0.55 OOS per batch in recent months vs 0.45 earlier)."", ""Yield dip in the most recent month (95.96\u202f% in 2026\u201107) indicating possible process drift."", ""Consistent shortfall between planned and actual production (\u22483\u20114\u202f% under\u2011run)."", ""Stable but relatively long supplier lead time (35\u202fdays) combined with high on\u2011time delivery, leaving little buffer for unexpected delays.""]";"[""Implement a focused root\u2011cause analysis on the deviation spikes observed from May\u202f2026 onward and apply corrective actions to the identified processes."", ""Increase frequency of in\u2011process quality monitoring for batches with yields <96\u202f% to catch potential OOS drivers early."", ""Review and tighten supplier quality agreements, emphasizing OOS trend monitoring and corrective\u2011action timelines."", ""Introduce a small safety stock buffer for critical excipient inventory to mitigate the impact of the 35\u2011day lead time and any potential delivery variance."", ""Conduct a quarterly yield trend review with the plant\u2019s process engineers to detect and correct any gradual yield erosion."", ""Align production scheduling with supplier capacity forecasts to reduce the planned vs. actual quantity gap.""]";Medium;2026-09-11 08:42:34.411859
S003;PL004;Sterling Chemicals;Medium;38;Over the next 1?3 months the supplier?plant combination is expected to maintain a relatively stable performance. Yield will likely stay around 96?97?%, actual production will remain within 2?3?% of plan, and deviation and OOS counts will continue at the low?single?digit to low?teens range. The main residual risk stems from occasional spikes in OOS events and the modest variability in batch count and lead?time, which could translate into short?term supply pressure if demand rises.;"[""Slight upward trend in average yield (96.2\u202f% \u2192 97.1\u202f%) but still below the ideal 98\u201199\u202f% target."", ""Consistently high supplier quality score (97.3) but occasional OOS spikes (20\u201121 per month)."", ""Deviations are low overall (0\u20116 per month) with a recent drop to zero in several months, indicating process stability."", ""On\u2011time delivery at 93\u202f% and a 30\u2011day lead time, which is acceptable but leaves little buffer for unexpected demand surges."", ""Production quantity variance of 2\u20113\u202f% between planned and actual, showing modest inconsistency.""]";"[""Implement a rolling 3\u2011month OOS trend monitoring dashboard; trigger a root\u2011cause review if OOS > 18 in any month."", ""Conduct a quarterly yield optimization workshop with Sterling Chemicals to push average yield toward \u2265\u202f98\u202f%."", ""Negotiate a safety\u2011stock buffer or a secondary qualified supplier to mitigate the 7\u202f% on\u2011time\u2011delivery gap."", ""Standardize deviation reporting and enforce a corrective\u2011action closure within 10\u202fdays to keep deviation counts at zero or one."", ""Review lead\u2011time variability and explore options for expediting shipments during peak demand periods.""]";Medium;2026-09-11 08:42:49.103186
S003;PL002;Sterling Chemicals;Medium;42;Over the next 1?3 months the supplier?plant combination is expected to maintain a relatively stable performance with modest variations. Yield will likely stay around 96.5?97.0%, actual production will remain within 3?4% of planned volumes, and OOS events will average 12?16 per month. However, the slight upward trend in deviation counts and occasional spikes in OOS numbers keep the overall risk at a medium level, especially given the 30?day lead time and 93% on?time delivery.;"[""Slight increase in deviation frequency (0\u20114 per month, recent rise to 3\u20114)"", ""OOS event volatility \u2013 peaks in Dec 2025 (34) and Jan\u2011Mar 2026 (12\u201118)"", ""Yield plateau around 96.5\u201196.9% with a minor dip in Jul 2026 (96.28%)"", ""Production quantity variance of 3\u20114% between planned and actual"", ""Lead time of 30 days combined with 93% on\u2011time delivery creates limited buffer""]";"[""Implement a weekly deviation review board to identify root causes early, focusing on the batches that generated the recent spikes."", ""Strengthen OOS trend monitoring; set a trigger at >15 OOS events per month for immediate investigation and corrective action."", ""Conduct a yield optimization study targeting the July dip; verify raw\u2011material potency and process parameters."", ""Negotiate tighter delivery windows or a safety\u2011stock buffer with Sterling Chemicals to mitigate the 30\u2011day lead time risk."", ""Align production planning with the supplier\u2019s historical 3\u20114% shortfall to avoid inventory gaps."", ""Perform a supplier quality audit focusing on consistency of raw\u2011material specifications and batch release documentation.""]";Medium;2026-09-11 08:43:04.799029
S009;PL006;Ardent BioSupply;High;78;Over the next 1?3 months the supplier?plant combination is likely to maintain a high overall risk profile. Yield will stay around the mid?95% range with small month?to?month fluctuations, but occasional out?of?specification (OOS) events and occasional deviations will persist. Production volumes will continue to track planned quantities within a 5?6% shortfall, and the supplier’s on?time delivery (currently 93%) may slip if lead?time variability increases.;"[""High supplier risk rating and modest on\u2011time delivery (93%)"", ""Consistently elevated OOS counts (average ~20 per month, spikes up to 27)"", ""Frequent deviations in certain months (up to 6 in Dec 2025) indicating process instability"", ""Yield hovering just below 96% with no clear upward trend"", ""Production shortfalls of 4\u20116% each month, indicating quantity inconsistency"", ""Lead time of 10 days with no buffer, vulnerable to supplier delays""]";"[""Implement a focused supplier quality improvement plan with Ardent BioSupply \u2013 increase audit frequency and enforce corrective action for OOS root causes."", ""Establish a buffer stock strategy to offset the 4\u20116% production shortfall and protect inventory levels."", ""Introduce real\u2011time deviation monitoring and rapid response protocols to reduce deviation frequency, especially after the December 2025 spike."", ""Negotiate tighter delivery windows or add a secondary qualified supplier to mitigate lead\u2011time risk."", ""Conduct a trend analysis on yield and OOS data to identify specific process steps or raw\u2011material inputs driving variability."", ""Increase quality testing coverage for high\u2011risk batches and consider statistical process control (SPC) to catch drift early.""]";Medium;2026-09-11 08:43:17.461141
S001;PL004;VitaRaw;High;72;Over the next 1?3 months the supplier?plant combination is likely to maintain a high overall risk profile. Yield will stay near the mid?96% range with slight month?to?month fluctuation, but occasional dips below 96% may reappear. OOS events are expected to remain around 12?18 per month, and deviations will continue at 1?3 per month. Production quantities will stay close to plan (?95?98% of planned) but occasional shortfalls of 3?5% are probable. Lead?time pressure (38?days) combined with an on?time delivery rate of 84?% could cause material shortages if any additional delays occur, elevating manufacturing risk.;"[""High supplier risk rating and 84\u202f% on\u2011time delivery"", ""Consistently elevated OOS counts (10\u201125 per month)"", ""Yield hovering just below 97\u202f% with occasional decline"", ""Monthly deviations persisting (1\u20113 events)"", ""Lead time of 38\u202fdays limiting buffer for supply disruptions""]";"[""Implement a short\u2011term buffer stock strategy to cover up to 5\u202f% of planned quantity."", ""Increase frequency of supplier quality audits and real\u2011time deviation monitoring."", ""Collaborate with VitaRaw to reduce OOS root causes; focus on critical process steps identified in the highest OOS months."", ""Negotiate tighter delivery windows or alternative secondary suppliers to improve on\u2011time performance."", ""Introduce a yield trending dashboard to flag any month\u2011to\u2011month drop below 96.5\u202f% for proactive corrective action.""]";Medium;2026-09-11 08:43:32.121392
S009;PL010;Ardent BioSupply;High;68;Over the next 1?3 months the supplier?plant combination is likely to maintain a high overall risk profile. Manufacturing yield will hover around the mid?95% range with modest month?to?month variation, while OOS events are expected to stay in the high?teens per month. Deviations will remain low in count but may appear sporadically. Production quantities will continue to track planned volumes within a 4?5% shortfall, but the variability in batch size (5?18 batches per month) will keep inventory planning uncertain. Supplier on?time delivery is currently acceptable (93%) but the 10?day lead time, coupled with the high supplier risk rating, could become a bottleneck if any logistics disruption occurs.;"[""Persistently high Out\u2011of\u2011Specification (OOS) counts (average ~15 per month)"", ""Yield plateau around 95\u201196% with no clear upward trend"", ""Occasional spikes in deviation counts (up to 3 in a month)"", ""Inconsistent batch counts leading to fluctuating production volumes"", ""High supplier risk rating and relatively long lead time (10 days)""]";"[""Implement a focused root\u2011cause analysis on OOS events and establish corrective\u2011and\u2011preventive actions (CAPA) targeting the most frequent failure modes."", ""Increase real\u2011time yield monitoring and introduce tighter process controls to push average yield above 96.5% and reduce variability."", ""Conduct a supplier performance review; negotiate tighter delivery windows or qualify an alternate secondary supplier to mitigate lead\u2011time risk."", ""Standardize batch scheduling to reduce the swing in batch count; consider a minimum batch size policy to improve production consistency."", ""Enhance deviation tracking by flagging any month with >1 deviation for immediate investigation, and embed a deviation\u2011trend dashboard for early warning.""]";Medium;2026-09-11 08:43:46.886359
S009;PL008;Ardent BioSupply;High;68;Over the next 1?3 months the supplier?plant combination is likely to maintain a high overall risk profile. Manufacturing yield will stay around the mid?94% range with small month?to?month fluctuations, but occasional dips (e.g., 94.16% in Aug 2026) suggest a modest downward trend. Production quantities will continue to vary widely as batch counts swing between 11 and 22, leading to inconsistent fill?rates. Deviations and out?of?specification (OOS) events are expected to remain at the current level (?2?5 deviations per month, 14?34 OOS per month), with a slight chance of a spike if a batch failure occurs. Supplier on?time delivery (currently 93%) and lead time (10?days) are stable, but the high supplier risk rating and a quality score of 70.5 mean any further deterioration in delivery performance could quickly translate into manufacturing shortages.;"[""Persistently high OOS counts (average ~22 per month) indicating underlying quality issues."", ""Variable batch counts leading to inconsistent production volumes."", ""Slight upward trend in deviation frequency (from 1\u20112 per month to 4\u20115 in recent months)."", ""Supplier risk flagged as High with a modest on\u2011time delivery rate (93%)."", ""Yield hovering just below 95% with a recent dip to 94.16%.""]";"[""Initiate a focused supplier quality audit for Ardent BioSupply to identify root causes of OOS events and deviations."", ""Implement tighter in\u2011process controls and real\u2011time yield monitoring to catch yield drops early."", ""Develop a contingency buffer stock for critical intermediates to mitigate the impact of production quantity swings."", ""Negotiate tighter delivery windows or secondary source agreements to reduce reliance on a single high\u2011risk supplier."", ""Increase frequency of deviation reviews (weekly) and conduct trend analysis to determine if specific processes or raw material lots are recurring triggers."", ""Enhance supplier performance scorecard with corrective\u2011action timelines tied to OOS and deviation metrics.""]";Medium;2026-09-11 08:44:00.742964
S009;PL005;Ardent BioSupply;High;68;Over the next 1?3 months the supplier?plant combination is likely to maintain a high overall risk profile. Manufacturing yield will hover around the mid?95% range with modest month?to?month fluctuation, while out?of?specification (OOS) events are expected to stay elevated (?30?40 per month) and may slightly increase if the current upward trend in deviation frequency continues. Production quantities will remain volatile due to the wide swing in batch counts, and any further erosion of on?time delivery or lead?time extensions could amplify supply?chain risk.;"[""Persistently high OOS counts (average ~27 per month, rising to 46 in Apr\u20112026)"", ""Increasing deviation frequency (3 deviations in several recent months)"", ""Yield drift downward from 96.6% (Dec\u20112025) to ~95.9% (latest months)"", ""Large variability in batch count and planned vs. actual quantity"", ""Supplier risk already flagged as High with on\u2011time delivery at 93% and lead time of 10 days""]";"[""Initiate a focused supplier quality audit for Ardent BioSupply covering raw\u2011material specifications, process controls, and OOS root\u2011cause analysis."", ""Implement tighter in\u2011process monitoring and real\u2011time yield tracking to catch yield dips early."", ""Increase statistical process control (SPC) limits for critical steps and conduct deviation trend reviews weekly."", ""Develop a contingency supply plan: qualify an alternate supplier or buffer stock to mitigate potential delivery delays."", ""Negotiate reduced lead\u2011time variability with the supplier and enforce stricter on\u2011time delivery penalties."", ""Enhance OOS investigation turnaround: assign dedicated QA resources to close OOS tickets within 5\u202fdays."", ""Standardize batch size planning to reduce quantity swings; consider capping batch count per month to improve consistency.""]";Medium;2026-09-11 08:44:16.554426
S009;PL007;Ardent BioSupply;High;71;Over the next 1?3 months the supplier?plant combination is likely to maintain a high overall risk profile. Manufacturing yield will hover around the mid?96% range with a slight dip observed in the most recent month (94.9%). Production quantities will continue to lag planned volumes by 4?5% on average, and occasional batch?size deviations will persist. Out?of?specification (OOS) events are expected to remain elevated (?20 per month), while deviation counts will stay low but sporadic. On?time delivery is currently 93% with a 10?day lead time, which is acceptable, but any further erosion could amplify the risk.;"[""High supplier risk rating (internal assessment)"", ""Consistently elevated OOS counts (average ~22 per month)"", ""Yield volatility with a recent drop to 94.87%"", ""Production shortfall vs. plan (4\u20115% under\u2011run each month)"", ""Occasional spikes in deviation counts (up to 4 in a month)"", ""Lead time of 10 days combined with 93% on\u2011time delivery""]";"[""Conduct a focused root\u2011cause analysis on OOS trends and implement corrective actions (process control, analytical method review)."", ""Increase real\u2011time yield monitoring and set tighter control limits; trigger early alerts when yield falls below 95.5%."", ""Align production scheduling with actual supplier capacity; add a buffer stock to absorb the 4\u20115% quantity shortfall."", ""Engage the supplier on lead\u2011time reliability; negotiate a service\u2011level agreement that improves on\u2011time delivery to >95%."", ""Implement a deviation management program that requires immediate investigation of any deviation >1 per month."", ""Perform a quarterly supplier performance audit focusing on quality systems and raw\u2011material traceability.""]";Medium;2026-09-11 08:47:23.965094
S011;PL003;MedCore Chemicals;High;71;Over the next 1?3 months the supplier?plant combination is likely to maintain a high overall risk profile. Manufacturing yield will stay around the mid?94% range with slight month?to?month fluctuation, but occasional dips below 94% may occur. OOS events are expected to remain in the high?teens per month, and deviation incidents will continue to appear sporadically (0?2 per month). Production quantities will track planned volumes with a consistent 5?7% shortfall, reflecting the current lead?time and on?time delivery performance (?80%). The combination of a high supplier risk rating, marginal on?time delivery, and a lead time of 36 days creates a persistent risk of supply shortages if any upstream disruption occurs.;"[""High supplier risk rating (historical quality score 78, on\u2011time delivery 80%)"", ""Consistent OOS rates (9\u201125 per month, ~15\u201120% of tests)"", ""Recurring deviations (0\u20113 per month, no clear downward trend)"", ""Yield hovering just below 95% with occasional dip to 93.5%"", ""Production shortfall of 5\u20117% versus plan each month"", ""Long lead time (36 days) combined with only 80% on\u2011time delivery""]";"[""Initiate a joint supplier performance improvement plan focusing on root\u2011cause analysis of OOS and deviation events."", ""Increase incoming material inspection frequency and tighten acceptance criteria to catch quality issues earlier."", ""Develop a contingency buffer stock or alternate qualified supplier for critical APIs to mitigate lead\u2011time and delivery variability."", ""Implement real\u2011time yield monitoring and early\u2011warning dashboards to detect yield drift before it impacts batch release."", ""Negotiate revised delivery schedules or expedited shipping options to improve on\u2011time delivery above 90%."", ""Conduct a quarterly supplier audit and a corrective\u2011action tracking system to ensure persistent issues are resolved.""]";Medium;2026-09-11 08:47:39.256349
S009;PL009;Ardent BioSupply;High;68;"Over the next 1?3 months the plant?supplier combination is likely to maintain a high overall risk profile. Manufacturing yield will probably stay around the mid?96% range with slight month?to?month variation, but occasional dips below 95% may appear. Deviations and OOS events are expected to continue at a similar frequency to the recent 6?month average (?2?3 deviations and 15?25 OOS per month). Production quantities will remain close to plan (?95?96% of target) but variability will persist, especially when batch counts fluctuate. Supplier on?time delivery is currently 93% with a 10?day lead time; any further erosion in delivery performance or an increase in lead?time variability could amplify manufacturing bottlenecks.";"[""Elevated supplier risk rating (High) and modest on\u2011time delivery (93%)."", ""Consistent OOS rates (~15\u201125 per month) indicating recurring quality excursions."", ""Frequent deviations in recent months (up to 3 per month) showing process instability."", ""Yield hovering just below 96% with occasional drops below 95% (July 2026)."", ""Production quantity shortfalls of 4\u20115% versus plan, amplified by batch\u2011size swings.""]";"[""Implement a focused supplier performance improvement plan: tighten on\u2011time delivery targets to >97% and negotiate tighter lead\u2011time windows or safety stock buffers."", ""Launch a root\u2011cause investigation on OOS trends, prioritising the most common failure modes and applying corrective actions across batches."", ""Increase real\u2011time deviation monitoring and introduce a deviation escalation matrix to address recurring process drifts promptly."", ""Conduct a yield stability study; if yields dip below 95% for two consecutive months, trigger a process review and possible equipment calibration."", ""Align production scheduling with supplier lead\u2011time variability; consider dual\u2011sourcing or buffer inventory for critical intermediates."", ""Enhance quality testing throughput and statistical process control to detect early quality shifts before OOS events occur.""]";Medium;2026-09-11 08:47:53.385682
S001;PL005;VitaRaw;High;68;Over the next 1?3 months the supplier?plant combination is likely to maintain a high overall risk profile. Yield will hover around the mid?high 96?97% range with a slight downward drift, while batch output will continue to fluctuate month?to?month. Deviations remain low in count but OOS events are expected to stay around 15?20 per month, representing a persistent quality concern. On?time delivery is already sub?optimal (84%) and, given the 38?day lead time, any further variability in supplier logistics could translate into material shortages and missed production schedules.;"[""Slight downward trend in average yield (96.8\u201197.4%)"", ""Consistently high Out\u2011of\u2011Specification (OOS) counts (15\u201123 per month)"", ""Variable actual vs. planned production quantities (2\u20115% shortfall each month)"", ""High supplier risk rating and marginal on\u2011time delivery (84%)"", ""Long lead time (38 days) amplifying impact of any delivery delays""]";"[""Implement a focused root\u2011cause analysis on OOS trends and introduce corrective action plans for the most frequent failure modes."", ""Increase buffer inventory or qualify an alternate secondary supplier to mitigate the 38\u2011day lead\u2011time exposure."", ""Tighten real\u2011time monitoring of batch yield and deviation metrics; trigger early alerts when yield falls below 96.8% for two consecutive batches."", ""Conduct a quarterly supplier performance review with VitaRaw, emphasizing on\u2011time delivery improvements and quality score maintenance."", ""Standardize deviation handling procedures to ensure any deviation, even if low in count, is fully investigated and documented.""]";Medium;2026-09-11 08:48:06.658536
S011;PL004;MedCore Chemicals;High;72;Over the next 1?3 months the supplier?plant combination is likely to maintain a high overall risk profile. Manufacturing yield is expected to hover around the low?mid 94?95% range, with occasional dips below 94% during larger batch runs. Production quantities will continue to lag planned volumes by 4?6%, and OOS events are projected to stay in the high teens to low twenties per month. Deviations will remain at 1?3 per month, and on?time delivery is unlikely to improve substantially given the current 80% performance and 36?day lead time.;"[""Gradual decline in average yield (94.4%\u201196.1%) with recent lows in the 94% range"", ""Consistent shortfall between planned and actual production (4\u20116% deficit)"", ""Recurring out\u2011of\u2011spec (OOS) events averaging 15\u201127 per month"", ""Increasing frequency of process deviations (1\u20113 per month, up from 0\u20112 earlier)"", ""High supplier risk rating and sub\u2011optimal on\u2011time delivery (80%)""]";"[""Initiate a joint supplier\u2011plant root\u2011cause analysis focused on yield loss and OOS drivers; implement corrective action plans within 30 days."", ""Increase incoming material inspection intensity and enforce tighter acceptance criteria to reduce OOS upstream."", ""Negotiate revised delivery schedules or qualify an alternate secondary supplier to mitigate lead\u2011time and on\u2011time delivery risk."", ""Implement real\u2011time yield monitoring and deviation tracking dashboards to detect early trends and trigger immediate interventions."", ""Review batch sizing and scheduling to align planned quantities with realistic capacity, reducing the planned\u2011actual gap."", ""Conduct a supplier performance review meeting to address quality score (78) and establish measurable improvement targets.""]";Medium;2026-09-11 08:48:18.164820
S011;PL002;MedCore Chemicals;High;68;Over the next 1?3 months the supplier?plant combination is likely to maintain a high overall risk profile. Manufacturing yield is expected to stay around the mid?96% range, but occasional dips below 95% may re?appear. OOS events are projected to remain in the high teens to low twenties per month, and occasional deviations (0?3 per month) will persist. Delivery performance is unlikely to improve substantially given the current 80% on?time rate and 36?day lead time, so any further supply?chain disruptions could elevate risk.;"[""Persistently high Out\u2011of\u2011Specification (OOS) counts (average ~18 per month)"", ""Yield hovering just below 96% with a slight downward trend early in the series"", ""Variable deviation counts with occasional spikes (up to 3 in a month)"", ""Supplier on\u2011time delivery at 80% and long lead time (36 days) flagged as high risk"", ""Increasing batch volume (up to 18 batches/month) amplifying impact of any quality issue""]";"[""Implement a focused supplier quality improvement program with MedCore Chemicals \u2013 conduct root\u2011cause analysis on OOS trends and enforce corrective action plans."", ""Increase incoming material inspection frequency and tighten acceptance criteria for critical attributes to catch deviations early."", ""Establish a buffer inventory strategy to mitigate the 36\u2011day lead time and 80% on\u2011time delivery risk; target at least 2\u20113 weeks of safety stock for high\u2011volume APIs."", ""Collaborate with the supplier to reduce lead time variability; explore alternative secondary sources for critical raw materials."", ""Introduce real\u2011time yield monitoring and deviation tracking dashboards to identify early signs of yield drop or deviation spikes."", ""Schedule periodic joint process reviews (quarterly) with the supplier to assess trend data, align on quality expectations, and verify implementation of corrective actions.""]";Medium;2026-09-11 08:48:33.250892
S011;PL001;MedCore Chemicals;High;71;Over the next 1?3 months the supplier?plant combination is likely to maintain a high overall risk profile. Yield will stay around the mid?96% range with a slight downward drift, while OOS events are expected to remain elevated (?12?16 per month) and occasional deviation spikes may re?appear. Production quantities will continue to track planned volumes but with a 4?6% shortfall, and on?time delivery is unlikely to improve beyond the current 80% without corrective actions. Lead?time pressure (36 days) combined with the high supplier risk rating suggests a continued risk of material shortages that could trigger additional manufacturing disruptions.;"[""Persistently high Out\u2011of\u2011Specification (OOS) counts (\u224812\u201116 per month)"", ""Slight downward trend in average yield (95.6\u201196.6%)"", ""Frequent shortfalls between planned and actual production (4\u20116% deficit)"", ""Supplier risk rating is High with only 80% on\u2011time delivery"", ""Occasional spikes in deviation counts (e.g., 4 deviations in 2026\u201103)"", ""Long lead time (36 days) limiting buffer capacity""]";"[""Initiate a joint supplier performance improvement plan with MedCore Chemicals focusing on OOS reduction and yield stabilization."", ""Increase safety stock or qualify an alternate secondary supplier to mitigate lead\u2011time and delivery risk."", ""Implement tighter in\u2011process monitoring and root\u2011cause analysis for deviation events, especially after months with >1 deviation."", ""Conduct a quarterly supplier audit and quality score review; aim to raise the Supplier Quality Score above 85."", ""Review and adjust production scheduling to account for the consistent 4\u20116% shortfall, possibly increasing planned batch sizes."", ""Establish a rapid escalation protocol for any month where OOS events exceed 15 or deviations exceed 2.""]";Medium;2026-09-11 08:48:46.770427
S001;PL007;VitaRaw;High;72;Over the next 1?3 months the supplier?plant combination is likely to maintain a high overall risk profile. Yield will hover around the mid?96% range with occasional dips below 96%, deviations will remain low in count but may re?appear, and OOS events are expected to stay in the high?teens per month. Production quantities will continue to track planned volumes but with a 3?5% shortfall each month. On?time delivery is unlikely to improve significantly given the current 84% performance and a lead time of ~38 days, so any further delays in raw material shipments could amplify manufacturing risk.;"[""Persistently high OOS count (average ~13\u201119 per month)"", ""Yield slipping below 96% in recent months"", ""Inconsistent batch counts and occasional spikes in deviation count"", ""High supplier risk rating and sub\u2011optimal on\u2011time delivery (84%)"", ""Long lead time (38 days) limiting flexibility to absorb delays""]";"[""Initiate a joint supplier\u2011plant quality improvement program focused on root\u2011cause analysis of OOS events and yield loss."", ""Increase incoming material inspection frequency and tighten acceptance criteria to catch quality issues earlier."", ""Develop a contingency inventory buffer for critical raw materials to mitigate the impact of the 38\u2011day lead time."", ""Negotiate tighter delivery windows or alternative qualified suppliers to improve on\u2011time delivery above 90%."", ""Implement real\u2011time deviation tracking and trigger corrective actions when deviation count exceeds 2 in a month."", ""Conduct a monthly trend review of yield, OOS, and deviation metrics to detect early signs of deterioration.""]";Medium;2026-09-11 08:49:00.266946
