plant_id;month;label;equipment_failure_risk
PL007;2025-08-01 00:00:00.000000;0;0.557354504719683
PL007;2025-01-01 00:00:00.000000;0;0.136227075500655
PL007;2026-02-01 00:00:00.000000;0;0.495563873715688
PL007;2026-07-01 00:00:00.000000;0;0.0903251956269144
PL007;2025-02-01 00:00:00.000000;0;0.0597219078745712
PL007;2024-08-01 00:00:00.000000;0;0.186591606231928
PL007;2026-08-01 00:00:00.000000;0;0.180713848270282
PL007;2025-09-01 00:00:00.000000;0;0.237094083567665
PL007;2024-09-01 00:00:00.000000;0;0.306923465378875
PL007;2024-12-01 00:00:00.000000;0;0.324572690159749
PL007;2025-10-01 00:00:00.000000;0;0.091657422836377
PL001;2024-01-01 00:00:00.000000;0;0.343648603618435
PL004;2024-09-01 00:00:00.000000;0;0.301005171688183
PL008;2025-06-01 00:00:00.000000;0;0.0956034787978728
PL001;2025-08-01 00:00:00.000000;0;0.175827378876743
PL009;2025-08-01 00:00:00.000000;0;0.110525155805994
PL005;2025-02-01 00:00:00.000000;0;0.0880106283991742
PL006;2024-03-01 00:00:00.000000;0;0.187947016610344
PL010;2025-12-01 00:00:00.000000;0;0.048333510913809
PL009;2024-07-01 00:00:00.000000;0;0.0670024546601995
PL008;2026-05-01 00:00:00.000000;0;0.380993738241341
PL010;2025-02-01 00:00:00.000000;0;0.113526642983062
PL009;2026-05-01 00:00:00.000000;0;0.445401162776913
PL006;2026-08-01 00:00:00.000000;0;0.0574497893750487
PL006;2024-09-01 00:00:00.000000;0;0.115993605184218
PL010;2025-11-01 00:00:00.000000;0;0.0765197073532632
PL002;2024-10-01 00:00:00.000000;0;0.429451790731861
PL010;2025-10-01 00:00:00.000000;0;0.0633696019404568
PL005;2024-02-01 00:00:00.000000;0;0.0673298170712653
PL009;2025-11-01 00:00:00.000000;0;0.0344703980403712
PL009;2025-04-01 00:00:00.000000;0;0.159783081357997
PL005;2025-09-01 00:00:00.000000;0;0.191863700744496
PL005;2025-10-01 00:00:00.000000;0;0.36122985855939
PL001;2024-07-01 00:00:00.000000;0;0.316654598676398
PL009;2024-09-01 00:00:00.000000;0;0.081239170464571
PL004;2025-04-01 00:00:00.000000;0;0.397923473523754
PL008;2026-08-01 00:00:00.000000;0;0.181746884416723
PL010;2024-12-01 00:00:00.000000;0;0.137609293008672
PL006;2026-07-01 00:00:00.000000;0;0.12473353728052
PL006;2025-11-01 00:00:00.000000;0;0.063161327136397
PL010;2025-01-01 00:00:00.000000;0;0.0861338986277005
PL001;2025-11-01 00:00:00.000000;0;0.299571598508109
PL008;2026-04-01 00:00:00.000000;0;0.289869362366727
PL001;2024-10-01 00:00:00.000000;0;0.212679411298474
PL006;2025-01-01 00:00:00.000000;0;0.419821641166811
PL010;2024-06-01 00:00:00.000000;0;0.819057860417134
PL008;2025-01-01 00:00:00.000000;0;0.225101307174846
PL009;2026-08-01 00:00:00.000000;0;0.0293436203618983
PL001;2024-08-01 00:00:00.000000;0;0.125111608652582
PL005;2024-06-01 00:00:00.000000;0;0.440867200204676
PL010;2026-04-01 00:00:00.000000;0;0.151515622870341
PL010;2026-03-01 00:00:00.000000;0;0.171952174959942
PL009;2024-08-01 00:00:00.000000;0;0.0727672888446215
PL003;2025-11-01 00:00:00.000000;0;0.667778926414315
PL004;2024-10-01 00:00:00.000000;0;0.0871352099678431
PL002;2024-09-01 00:00:00.000000;0;0.14202738207754
PL008;2025-09-01 00:00:00.000000;0;0.289834212990946
PL002;2025-01-01 00:00:00.000000;0;0.15268963147505
PL004;2024-04-01 00:00:00.000000;0;0.0779629036215127
PL006;2025-12-01 00:00:00.000000;0;0.502652220622015
PL003;2025-09-01 00:00:00.000000;0;0.379442818554733
PL010;2024-10-01 00:00:00.000000;0;0.0496743123331499
PL004;2025-09-01 00:00:00.000000;0;0.214380669690239
PL008;2024-10-01 00:00:00.000000;0;0.541498630089963
PL009;2025-02-01 00:00:00.000000;0;0.470161856883656
PL001;2026-03-01 00:00:00.000000;0;0.581627548376394
PL009;2025-12-01 00:00:00.000000;0;0.275249208066746
PL010;2024-11-01 00:00:00.000000;0;0.213156305981894
PL009;2024-11-01 00:00:00.000000;0;0.182784507615314
PL005;2024-10-01 00:00:00.000000;0;0.427768733514189
PL007;2026-01-01 00:00:00.000000;0;0.240468098773803
PL005;2024-01-01 00:00:00.000000;0;0.109312679315206
PL004;2025-01-01 00:00:00.000000;0;0.256534793694062
PL002;2025-08-01 00:00:00.000000;0;0.566514664570553
PL002;2025-04-01 00:00:00.000000;0;0.190648898200194
PL005;2026-05-01 00:00:00.000000;0;0.490504298073923
PL007;2025-04-01 00:00:00.000000;0;0.158282971220071
PL002;2025-02-01 00:00:00.000000;0;0.351722362870775
PL005;2024-03-01 00:00:00.000000;0;0.233078338427486
PL001;2025-09-01 00:00:00.000000;0;0.265504904034132
PL009;2026-03-01 00:00:00.000000;0;0.217695599369409
PL006;2024-06-01 00:00:00.000000;0;0.431803906926606
PL008;2026-02-01 00:00:00.000000;0;0.392966778066378
PL010;2024-07-01 00:00:00.000000;0;0.302082180692319
PL004;2025-06-01 00:00:00.000000;0;0.483519780027215
PL005;2026-01-01 00:00:00.000000;0;0.109073254136498
PL009;2025-06-01 00:00:00.000000;0;0.150309712144726
PL002;2024-12-01 00:00:00.000000;0;0.551532491692643
PL010;2025-07-01 00:00:00.000000;0;0.568466058232079
PL009;2026-06-01 00:00:00.000000;0;0.170732670028026
PL010;2024-09-01 00:00:00.000000;0;0.0844957545941641
PL008;2024-09-01 00:00:00.000000;0;0.0740639430188332
PL004;2024-06-01 00:00:00.000000;0;0.489186362845888
PL009;2025-01-01 00:00:00.000000;0;0.0717644457014786
PL003;2026-06-01 00:00:00.000000;0;0.508983147876605
PL009;2024-01-01 00:00:00.000000;0;0.244545861856687
PL009;2026-07-01 00:00:00.000000;0;0.461413563932611
PL010;2026-05-01 00:00:00.000000;0;0.492383804222702
PL001;2026-02-01 00:00:00.000000;0;0.479420397614214
PL002;2024-01-01 00:00:00.000000;0;0.117596770408291
PL005;2024-08-01 00:00:00.000000;0;0.290179995868256
PL002;2026-08-01 00:00:00.000000;0;0.0631719601757335
PL008;2025-04-01 00:00:00.000000;0;0.186777918997825
PL008;2026-06-01 00:00:00.000000;0;0.117247729272945
PL008;2024-01-01 00:00:00.000000;0;0.298702836129531
PL002;2026-01-01 00:00:00.000000;0;0.152223655533696
PL001;2024-12-01 00:00:00.000000;0;0.28150168464813
PL006;2026-04-01 00:00:00.000000;0;0.232838322145043
PL005;2024-04-01 00:00:00.000000;0;0.470457715659927
PL007;2024-04-01 00:00:00.000000;0;0.283070040051185
PL010;2026-08-01 00:00:00.000000;0;0.141440734375644
PL003;2026-02-01 00:00:00.000000;0;0.544543496132067
PL001;2026-06-01 00:00:00.000000;0;0.34559633281357
PL009;2024-10-01 00:00:00.000000;0;0.370176206743416
PL010;2025-04-01 00:00:00.000000;0;0.20614741891058
PL006;2025-05-01 00:00:00.000000;0;0.472564166825643
PL004;2026-08-01 00:00:00.000000;0;0.211057526759525
PL001;2025-07-01 00:00:00.000000;0;0.382372767039659
PL009;2024-05-01 00:00:00.000000;1;0.877963226900795
PL001;2024-05-01 00:00:00.000000;1;0.911888993318227
PL002;2024-05-01 00:00:00.000000;1;0.949718347762065
PL008;2024-05-01 00:00:00.000000;1;0.903543940497218
PL010;2024-05-01 00:00:00.000000;1;0.687731048447121
PL007;2024-05-01 00:00:00.000000;1;0.90062543552685
PL006;2024-05-01 00:00:00.000000;1;0.915772817915955
PL005;2024-05-01 00:00:00.000000;1;0.558661677240876
PL006;2024-12-01 00:00:00.000000;1;0.665600456625623
PL005;2025-08-01 00:00:00.000000;1;0.884726800354226
PL008;2025-10-01 00:00:00.000000;1;0.839903172268634
PL002;2026-06-01 00:00:00.000000;1;0.876400471307455
PL008;2025-02-01 00:00:00.000000;1;0.644162785550062
PL002;2024-11-01 00:00:00.000000;1;0.848894659901671
PL008;2024-11-01 00:00:00.000000;1;0.918720063258139
PL008;2024-03-01 00:00:00.000000;1;0.948037908104624
PL009;2026-01-01 00:00:00.000000;1;0.63966917920172
PL002;2025-07-01 00:00:00.000000;1;0.939334978210316
PL001;2026-07-01 00:00:00.000000;1;0.738586229967329
PL008;2024-07-01 00:00:00.000000;1;0.867992985508978
PL002;2024-03-01 00:00:00.000000;1;0.95207201531078
PL001;2025-12-01 00:00:00.000000;1;0.767905292555083
PL008;2024-04-01 00:00:00.000000;1;0.96082995334777
PL009;2026-04-01 00:00:00.000000;1;0.682945570728721
PL007;2024-10-01 00:00:00.000000;1;0.510870478781943
PL010;2024-01-01 00:00:00.000000;1;0.925960116649315
PL002;2024-02-01 00:00:00.000000;1;0.897484417761003
PL007;2025-06-01 00:00:00.000000;1;0.933445711165994
PL001;2025-03-01 00:00:00.000000;1;0.774830619154814
PL008;2025-07-01 00:00:00.000000;1;0.914006571331623
PL001;2026-01-01 00:00:00.000000;1;0.846240339061996
PL005;2024-12-01 00:00:00.000000;1;0.955669695700195
PL001;2025-04-01 00:00:00.000000;1;0.936183574997936
PL007;2025-07-01 00:00:00.000000;1;0.9647708299166
PL006;2024-08-01 00:00:00.000000;1;0.912316522350035
PL007;2024-06-01 00:00:00.000000;1;0.857780371710044
PL007;2024-11-01 00:00:00.000000;1;0.86963554898301
PL001;2025-06-01 00:00:00.000000;1;0.778854619681607
PL008;2024-02-01 00:00:00.000000;1;0.930478998819448
PL008;2025-11-01 00:00:00.000000;1;0.953651495059856
PL008;2026-07-01 00:00:00.000000;1;0.69340964438334
PL009;2024-12-01 00:00:00.000000;1;0.569188670436847
PL006;2024-11-01 00:00:00.000000;1;0.934006319453076
PL005;2025-01-01 00:00:00.000000;1;0.869385574101806
PL001;2025-10-01 00:00:00.000000;1;0.854731154423749
PL009;2024-02-01 00:00:00.000000;1;0.935464392267962
PL006;2025-06-01 00:00:00.000000;1;0.887916079947049
PL005;2026-04-01 00:00:00.000000;1;0.869381951346482
PL002;2026-04-01 00:00:00.000000;1;0.877379930082349
PL010;2026-06-01 00:00:00.000000;1;0.76291557400155
PL006;2024-10-01 00:00:00.000000;1;0.945281522156406
PL006;2026-01-01 00:00:00.000000;1;0.978793809005844
PL006;2026-06-01 00:00:00.000000;1;0.783043175208491
PL005;2024-07-01 00:00:00.000000;1;0.816237413996036
PL001;2024-11-01 00:00:00.000000;1;0.960254914053148
PL005;2025-11-01 00:00:00.000000;1;0.842073655806848
PL008;2024-08-01 00:00:00.000000;1;0.867327537221967
PL008;2026-03-01 00:00:00.000000;1;0.818410398689967
PL008;2026-01-01 00:00:00.000000;1;0.575266852783657
PL006;2025-07-01 00:00:00.000000;1;0.961848934501549
PL002;2026-03-01 00:00:00.000000;1;0.930955217152483
PL005;2025-05-01 00:00:00.000000;1;0.894816746829003
PL008;2025-08-01 00:00:00.000000;1;0.762598941870315
PL010;2024-08-01 00:00:00.000000;1;0.604372080444431
PL002;2024-04-01 00:00:00.000000;1;0.898725557344608
PL006;2025-02-01 00:00:00.000000;1;0.858472639823049
PL001;2025-02-01 00:00:00.000000;1;0.799858123165736
PL008;2025-12-01 00:00:00.000000;1;0.963289504428036
PL002;2024-07-01 00:00:00.000000;1;0.867981021859152
PL005;2025-03-01 00:00:00.000000;1;0.867716089411636
PL005;2026-03-01 00:00:00.000000;1;0.888798277114912
PL002;2025-03-01 00:00:00.000000;1;0.89218999818583
PL002;2025-12-01 00:00:00.000000;1;0.893633679497863
PL006;2025-08-01 00:00:00.000000;1;0.895357028980907
PL010;2026-02-01 00:00:00.000000;1;0.648453287360768
PL007;2025-12-01 00:00:00.000000;1;0.767944669436346
PL006;2025-03-01 00:00:00.000000;1;0.860012822521283
PL006;2025-10-01 00:00:00.000000;1;0.820340207278342
PL007;2026-04-01 00:00:00.000000;1;0.772634489527077
PL002;2025-09-01 00:00:00.000000;1;0.759796319516737
PL001;2025-01-01 00:00:00.000000;1;0.806998029089547
PL009;2025-05-01 00:00:00.000000;1;0.83534764421554
PL001;2025-05-01 00:00:00.000000;1;0.92912926115857
PL010;2025-05-01 00:00:00.000000;1;0.824832922185897
PL002;2025-05-01 00:00:00.000000;1;0.865635249706668
PL008;2025-05-01 00:00:00.000000;1;0.904148711469344
PL007;2025-05-01 00:00:00.000000;1;0.8078938295298
PL007;2024-01-01 00:00:00.000000;1;0.706226604322432
PL001;2024-02-01 00:00:00.000000;1;0.698779003498242
PL008;2025-03-01 00:00:00.000000;1;0.828999429432095
PL009;2025-07-01 00:00:00.000000;1;0.598638629049895
PL008;2024-12-01 00:00:00.000000;1;0.848849923979207
PL010;2026-07-01 00:00:00.000000;1;0.607399021543813
PL006;2024-07-01 00:00:00.000000;1;0.936666770759643
PL005;2026-06-01 00:00:00.000000;1;0.935832007867317
PL005;2025-12-01 00:00:00.000000;1;0.942439551371612
PL001;2026-05-01 00:00:00.000000;1;0.873614729386038
PL002;2026-05-01 00:00:00.000000;1;0.817118814365812
PL001;2026-04-01 00:00:00.000000;1;0.739392656040627
PL005;2024-11-01 00:00:00.000000;1;0.762831923789908
PL005;2025-06-01 00:00:00.000000;1;0.800870451468941
PL001;2024-06-01 00:00:00.000000;1;0.78412745838585
PL002;2024-06-01 00:00:00.000000;1;0.89098621352533
PL010;2024-03-01 00:00:00.000000;1;0.954905608953177
PL002;2025-10-01 00:00:00.000000;1;0.675045609968153
PL007;2024-07-01 00:00:00.000000;1;0.551745132541505
PL009;2024-04-01 00:00:00.000000;1;0.907617141603999
PL009;2026-02-01 00:00:00.000000;1;0.743729065083514
PL007;2026-03-01 00:00:00.000000;1;0.76961639600965
PL009;2024-06-01 00:00:00.000000;1;0.753272179416253
PL009;2025-10-01 00:00:00.000000;1;0.323291725384918
PL005;2025-04-01 00:00:00.000000;1;0.747515506161686
PL010;2025-03-01 00:00:00.000000;1;0.959714101632677
PL002;2026-07-01 00:00:00.000000;1;0.905700140262452
PL007;2025-11-01 00:00:00.000000;1;0.693877422144225
PL007;2025-03-01 00:00:00.000000;1;0.792305235407934
PL006;2024-01-01 00:00:00.000000;1;0.792118078040115
PL006;2024-04-01 00:00:00.000000;1;0.842873717342706
PL006;2024-02-01 00:00:00.000000;1;0.930255990258924
PL007;2024-03-01 00:00:00.000000;1;0.90770621639611
PL002;2025-11-01 00:00:00.000000;1;0.891817241000767
PL009;2025-09-01 00:00:00.000000;1;0.619058675620879
PL010;2026-01-01 00:00:00.000000;1;0.814718199868452
PL010;2025-09-01 00:00:00.000000;1;0.497787571726446
PL002;2026-02-01 00:00:00.000000;1;0.765662409816893
PL006;2026-03-01 00:00:00.000000;1;0.724007392858352
PL006;2025-04-01 00:00:00.000000;1;0.951204648979809
PL010;2024-04-01 00:00:00.000000;1;0.753765255163423
PL007;2026-06-01 00:00:00.000000;1;0.874983910483991
PL007;2024-02-01 00:00:00.000000;1;0.884931638417554
PL006;2025-09-01 00:00:00.000000;1;0.905546276111322
PL005;2026-07-01 00:00:00.000000;1;0.821395892771742
PL010;2025-08-01 00:00:00.000000;1;0.688787331496895
PL007;2026-05-01 00:00:00.000000;1;0.853922580377941
PL005;2026-08-01 00:00:00.000000;1;0.899997410735246
PL008;2024-06-01 00:00:00.000000;1;0.67035771155131
PL005;2024-09-01 00:00:00.000000;1;0.768655433184176
PL005;2025-07-01 00:00:00.000000;1;0.891987783883216
PL010;2024-02-01 00:00:00.000000;1;0.961743374784979
PL010;2025-06-01 00:00:00.000000;1;0.78480921175979
PL006;2026-02-01 00:00:00.000000;1;0.861598319544545
PL005;2026-02-01 00:00:00.000000;1;0.844331391147852
PL009;2024-03-01 00:00:00.000000;1;0.900569801416759
PL002;2024-08-01 00:00:00.000000;1;0.775233584114987
PL001;2024-09-01 00:00:00.000000;1;0.553053661451933
PL001;2026-08-01 00:00:00.000000;1;0.490199623501778
PL001;2024-03-01 00:00:00.000000;1;0.883806265385817
PL006;2026-05-01 00:00:00.000000;1;0.892811198056552
PL009;2025-03-01 00:00:00.000000;1;0.796693592521145
PL001;2024-04-01 00:00:00.000000;1;0.918927676837044
PL002;2025-06-01 00:00:00.000000;1;0.899441393725635
PL004;2025-10-01 00:00:00.000000;1;0.904159840748535
PL004;2025-07-01 00:00:00.000000;1;0.776176505366392
PL004;2026-01-01 00:00:00.000000;1;0.933266168988372
PL004;2025-03-01 00:00:00.000000;1;0.940505184104767
PL004;2024-02-01 00:00:00.000000;1;0.925262885868993
PL004;2024-05-01 00:00:00.000000;1;0.953362356746856
PL004;2024-12-01 00:00:00.000000;1;0.923448540693038
PL004;2024-08-01 00:00:00.000000;1;0.849831682569564
PL004;2024-01-01 00:00:00.000000;1;0.935542207485477
PL004;2024-11-01 00:00:00.000000;1;0.900040701295616
PL004;2025-08-01 00:00:00.000000;1;0.849062976216786
PL004;2026-04-01 00:00:00.000000;1;0.964219518925312
PL004;2025-02-01 00:00:00.000000;1;0.962709673613036
PL004;2026-03-01 00:00:00.000000;1;0.809820332196055
PL004;2025-11-01 00:00:00.000000;1;0.935519380797682
PL004;2025-05-01 00:00:00.000000;1;0.815448287758768
PL004;2024-03-01 00:00:00.000000;1;0.96121962013717
PL004;2026-02-01 00:00:00.000000;1;0.749551545319355
PL004;2026-06-01 00:00:00.000000;1;0.911929182009884
PL004;2026-05-01 00:00:00.000000;1;0.890013447711423
PL004;2025-12-01 00:00:00.000000;1;0.856975040920707
PL004;2026-07-01 00:00:00.000000;1;0.826877513433758
PL004;2024-07-01 00:00:00.000000;1;0.818109249392666
PL003;2024-07-01 00:00:00.000000;1;0.943765068965319
PL003;2025-04-01 00:00:00.000000;1;0.949262946040151
PL003;2025-12-01 00:00:00.000000;1;0.883826207671979
PL003;2026-05-01 00:00:00.000000;1;0.953490682677632
PL003;2024-01-01 00:00:00.000000;1;0.928148392763459
PL003;2024-02-01 00:00:00.000000;1;0.973479800317769
PL003;2024-06-01 00:00:00.000000;1;0.961161097097691
PL003;2024-05-01 00:00:00.000000;1;0.985957783458237
PL003;2024-09-01 00:00:00.000000;1;0.75885044608346
PL003;2025-08-01 00:00:00.000000;1;0.913496229839834
PL003;2025-06-01 00:00:00.000000;1;0.927909054793118
PL003;2025-03-01 00:00:00.000000;1;0.948757298602611
PL003;2026-01-01 00:00:00.000000;1;0.888765455372777
PL003;2024-11-01 00:00:00.000000;1;0.814730962961446
PL003;2026-07-01 00:00:00.000000;1;0.905578314662799
PL003;2025-07-01 00:00:00.000000;1;0.91917917964969
PL003;2025-05-01 00:00:00.000000;1;0.968131304842347
PL003;2024-12-01 00:00:00.000000;1;0.876827509677361
PL003;2025-02-01 00:00:00.000000;1;0.848645375864224
PL003;2024-03-01 00:00:00.000000;1;0.975493035224858
PL003;2025-01-01 00:00:00.000000;1;0.830422360122403
PL003;2024-08-01 00:00:00.000000;1;0.855235952303361
PL003;2026-03-01 00:00:00.000000;1;0.925268251687595
PL003;2024-04-01 00:00:00.000000;1;0.982415949298862
PL003;2025-10-01 00:00:00.000000;1;0.745281945259161
PL003;2024-10-01 00:00:00.000000;1;0.913138809948843
PL003;2026-04-01 00:00:00.000000;1;0.973234195034445
PL003;2026-08-01 00:00:00.000000;1;0.95874417444906
